name,scissor_kick_combined,pa,obp,slg,singles,doubles,triples,hrs,whiffs,swings,bip,singles_per_pa,doubles_per_pa,triples_per_pa,hrs_per_pa,singles_per_bip,doubles_per_bip,triples_per_bip,hrs_per_bip,whiff_percent,ops
"Neto, Zach",True,538,0.257,0.471,79,29,4,26,433,1323,379,0.14684014869888476,0.05390334572490706,0.007434944237918215,0.048327137546468404,0.20844327176781002,0.07651715039577836,0.010554089709762533,0.06860158311345646,0.327286470143613,0.728
"Crow-Armstrong, Pete",False,540,0.297,0.607,84,28,7,41,353,1322,407,0.15555555555555556,0.05185185185185185,0.012962962962962963,0.07592592592592592,0.20638820638820637,0.0687960687960688,0.0171990171990172,0.10073710073710074,0.2670196671709531,0.9039999999999999
"Merrill, Jackson",True,549,0.257,0.458,86,25,4,25,357,1321,427,0.15664845173041894,0.04553734061930783,0.007285974499089253,0.04553734061930783,0.20140515222482436,0.0585480093676815,0.00936768149882904,0.0585480093676815,0.2702498107494323,0.7150000000000001
"Albies, Ozzie",False,574,0.244,0.414,91,27,1,21,268,1319,494,0.15853658536585366,0.047038327526132406,0.0017421602787456446,0.036585365853658534,0.18421052631578946,0.05465587044534413,0.0020242914979757085,0.04251012145748988,0.20318423047763456,0.6579999999999999
"Adell, Jo",False,533,0.25,0.422,86,25,1,21,364,1283,414,0.16135084427767354,0.04690431519699812,0.001876172607879925,0.039399624765478425,0.20772946859903382,0.06038647342995169,0.0024154589371980675,0.050724637681159424,0.2837100545596259,0.6719999999999999
"Olson, Matt",True,546,0.266,0.544,73,33,0,39,322,1274,423,0.1336996336996337,0.06043956043956044,0.0,0.07142857142857142,0.17257683215130024,0.07801418439716312,0.0,0.09219858156028368,0.25274725274725274,0.81
"Freeman, Freddie",False,520,0.3,0.463,107,32,1,16,284,1259,436,0.20576923076923076,0.06153846153846154,0.0019230769230769232,0.03076923076923077,0.24541284403669725,0.07339449541284404,0.0022935779816513763,0.03669724770642202,0.2255758538522637,0.763
"Bichette, Bo",True,563,0.272,0.412,111,24,2,16,244,1257,474,0.19715808170515098,0.04262877442273535,0.003552397868561279,0.028419182948490232,0.23417721518987342,0.05063291139240506,0.004219409282700422,0.03375527426160337,0.19411296738265713,0.6839999999999999
"Lile, Daylen",False,550,0.255,0.446,85,27,8,20,297,1248,448,0.15454545454545454,0.04909090909090909,0.014545454545454545,0.03636363636363636,0.18973214285714285,0.060267857142857144,0.017857142857142856,0.044642857142857144,0.23798076923076922,0.7010000000000001
"Harper, Bryce",False,513,0.281,0.524,82,31,3,28,380,1248,399,0.15984405458089668,0.06042884990253411,0.005847953216374269,0.05458089668615984,0.20551378446115287,0.07769423558897243,0.007518796992481203,0.07017543859649122,0.30448717948717946,0.805
"Stewart, Sal",False,552,0.279,0.501,98,25,0,31,336,1236,442,0.17753623188405798,0.04528985507246377,0.0,0.05615942028985507,0.22171945701357465,0.05656108597285068,0.0,0.07013574660633484,0.27184466019417475,0.78
"Henderson, Gunnar",True,554,0.235,0.42,77,26,5,22,287,1233,444,0.13898916967509026,0.04693140794223827,0.009025270758122744,0.039711191335740074,0.17342342342342343,0.05855855855855856,0.01126126126126126,0.04954954954954955,0.23276561232765614,0.655
"Burleson, Alec",False,550,0.291,0.484,101,36,1,22,273,1232,463,0.18363636363636363,0.06545454545454546,0.0018181818181818182,0.04,0.21814254859611232,0.07775377969762419,0.0021598272138228943,0.047516198704103674,0.2215909090909091,0.7749999999999999
"Lowe, Brandon",True,520,0.269,0.501,82,28,1,29,429,1229,373,0.1576923076923077,0.05384615384615385,0.0019230769230769232,0.05576923076923077,0.21983914209115282,0.07506702412868632,0.002680965147453083,0.0777479892761394,0.34906427990235966,0.77
"Turner, Trea",False,573,0.251,0.404,97,27,1,19,342,1228,462,0.16928446771378708,0.04712041884816754,0.0017452006980802793,0.03315881326352531,0.20995670995670995,0.05844155844155844,0.0021645021645021645,0.04112554112554113,0.2785016286644951,0.655
"Perez, Salvador",False,533,0.234,0.393,81,23,1,19,306,1226,437,0.15196998123827393,0.043151969981238276,0.001876172607879925,0.03564727954971857,0.1853546910755149,0.05263157894736842,0.002288329519450801,0.043478260869565216,0.2495921696574225,0.627
"Devers, Rafael",False,524,0.275,0.563,70,36,1,37,355,1225,401,0.13358778625954199,0.06870229007633588,0.0019083969465648854,0.07061068702290077,0.1745635910224439,0.08977556109725686,0.0024937655860349127,0.09226932668329177,0.2897959183673469,0.838
"Abreu, Wilyer",False,548,0.262,0.481,79,36,4,24,299,1225,437,0.14416058394160583,0.06569343065693431,0.0072992700729927005,0.043795620437956206,0.18077803203661327,0.08237986270022883,0.009153318077803204,0.05491990846681922,0.24408163265306124,0.743
"Schwarber, Kyle",False,496,0.26,0.571,67,17,1,44,412,1223,337,0.1350806451612903,0.034274193548387094,0.0020161290322580645,0.08870967741935484,0.19881305637982197,0.050445103857566766,0.002967359050445104,0.13056379821958458,0.33687653311529026,0.831
"Nimmo, Brandon",False,523,0.277,0.439,94,33,4,14,280,1222,422,0.17973231357552583,0.06309751434034416,0.0076481835564053535,0.02676864244741874,0.22274881516587677,0.07819905213270142,0.009478672985781991,0.03317535545023697,0.22913256955810146,0.716
"Alonso, Pete",False,536,0.282,0.527,92,24,0,35,328,1216,410,0.17164179104477612,0.04477611940298507,0.0,0.06529850746268656,0.22439024390243903,0.05853658536585366,0.0,0.08536585365853659,0.26973684210526316,0.8089999999999999
"Abrams, CJ",False,526,0.272,0.515,81,29,3,30,354,1199,398,0.15399239543726237,0.055133079847908745,0.005703422053231939,0.057034220532319393,0.20351758793969849,0.0728643216080402,0.007537688442211055,0.07537688442211055,0.29524603836530444,0.787
"Rafaela, Ceddanne",True,518,0.293,0.462,100,32,3,16,298,1198,425,0.19305019305019305,0.06177606177606178,0.005791505791505791,0.03088803088803089,0.23529411764705882,0.07529411764705882,0.007058823529411765,0.03764705882352941,0.24874791318864775,0.755
"Reynolds, Bryan",False,512,0.289,0.47,93,36,2,17,337,1188,409,0.181640625,0.0703125,0.00390625,0.033203125,0.2273838630806846,0.08801955990220049,0.004889975550122249,0.04156479217603912,0.2836700336700337,0.7589999999999999
"Herrera, Iván",True,536,0.257,0.4,96,25,1,16,239,1185,446,0.1791044776119403,0.04664179104477612,0.0018656716417910447,0.029850746268656716,0.21524663677130046,0.05605381165919283,0.002242152466367713,0.03587443946188341,0.20168776371308017,0.657
"Montgomery, Colson",False,479,0.228,0.472,55,23,0,31,440,1179,325,0.11482254697286012,0.04801670146137787,0.0,0.06471816283924843,0.16923076923076924,0.07076923076923076,0.0,0.09538461538461539,0.37319762510602206,0.7
"Aranda, Jonathan",False,500,0.304,0.486,107,24,0,21,262,1173,406,0.214,0.048,0.0,0.042,0.26354679802955666,0.059113300492610835,0.0,0.05172413793103448,0.22335890878090367,0.79
"Paredes, Isaac",True,505,0.267,0.452,87,26,1,21,177,1172,442,0.17227722772277226,0.05148514851485148,0.0019801980198019802,0.041584158415841586,0.19683257918552036,0.058823529411764705,0.0022624434389140274,0.04751131221719457,0.15102389078498293,0.7190000000000001
"Okamoto, Kazuma",False,505,0.246,0.486,68,24,0,32,388,1171,357,0.13465346534653466,0.047524752475247525,0.0,0.06336633663366337,0.19047619047619047,0.06722689075630252,0.0,0.0896358543417367,0.33134073441502987,0.732
"Rodríguez, Julio",False,520,0.258,0.424,91,22,0,21,316,1171,421,0.175,0.04230769230769231,0.0,0.04038461538461539,0.2161520190023753,0.052256532066508314,0.0,0.0498812351543943,0.2698548249359522,0.6819999999999999
"Machado, Manny",False,521,0.229,0.434,70,22,0,27,299,1169,415,0.1343570057581574,0.04222648752399232,0.0,0.05182341650671785,0.1686746987951807,0.05301204819277108,0.0,0.06506024096385542,0.2557741659538067,0.663
"Walker, Jordan",True,528,0.301,0.527,98,33,0,28,366,1162,413,0.1856060606060606,0.0625,0.0,0.05303030303030303,0.23728813559322035,0.07990314769975787,0.0,0.06779661016949153,0.31497418244406195,0.8280000000000001
"Lee, Brooks",True,520,0.254,0.445,83,23,3,23,238,1157,443,0.1596153846153846,0.04423076923076923,0.0057692307692307696,0.04423076923076923,0.1873589164785553,0.05191873589164785,0.006772009029345372,0.05191873589164785,0.20570440795159897,0.6990000000000001
"Walker, Christian",False,513,0.232,0.432,68,25,1,25,334,1152,398,0.13255360623781676,0.04873294346978557,0.001949317738791423,0.04873294346978557,0.1708542713567839,0.06281407035175879,0.002512562814070352,0.06281407035175879,0.2899305555555556,0.664
"Turang, Brice",True,509,0.284,0.476,88,33,3,19,259,1152,392,0.17288801571709234,0.06483300589390963,0.005893909626719057,0.03732809430255403,0.22448979591836735,0.08418367346938775,0.007653061224489796,0.04846938775510204,0.2248263888888889,0.76
"Arozarena, Randy",True,509,0.287,0.499,91,29,1,25,307,1151,400,0.1787819253438114,0.05697445972495088,0.0019646365422396855,0.04911591355599214,0.2275,0.0725,0.0025,0.0625,0.26672458731537796,0.786
"Riley, Austin",True,481,0.243,0.405,77,21,2,17,368,1150,345,0.1600831600831601,0.04365904365904366,0.004158004158004158,0.035343035343035345,0.22318840579710145,0.06086956521739131,0.005797101449275362,0.04927536231884058,0.32,0.648
"Harris II, Michael",False,539,0.296,0.502,101,32,1,25,284,1144,438,0.18738404452690166,0.059369202226345084,0.0018552875695732839,0.04638218923933209,0.23059360730593606,0.0730593607305936,0.00228310502283105,0.05707762557077625,0.24825174825174826,0.798
"Busch, Michael",False,525,0.255,0.427,86,27,2,19,294,1143,413,0.16380952380952382,0.05142857142857143,0.0038095238095238095,0.03619047619047619,0.20823244552058112,0.06537530266343826,0.004842615012106538,0.04600484261501211,0.2572178477690289,0.6819999999999999
"Díaz, Yandy",False,553,0.313,0.486,125,25,1,22,166,1137,488,0.22603978300180833,0.045207956600361664,0.0018083182640144665,0.039783001808318265,0.25614754098360654,0.05122950819672131,0.0020491803278688526,0.045081967213114756,0.14599824098504838,0.7989999999999999
"Bell, Josh",False,509,0.26,0.435,84,28,1,19,266,1135,409,0.1650294695481336,0.0550098231827112,0.0019646365422396855,0.03732809430255403,0.20537897310513448,0.06845965770171149,0.0024449877750611247,0.04645476772616137,0.2343612334801762,0.6950000000000001
"Arraez, Luis",False,578,0.309,0.427,134,30,7,6,84,1134,557,0.23183391003460208,0.05190311418685121,0.012110726643598616,0.010380622837370242,0.24057450628366248,0.05385996409335727,0.012567324955116697,0.010771992818671455,0.07407407407407407,0.736
"Vargas, Miguel",False,519,0.261,0.501,74,30,1,30,233,1131,434,0.14258188824662812,0.057803468208092484,0.0019267822736030828,0.057803468208092484,0.17050691244239632,0.06912442396313365,0.002304147465437788,0.06912442396313365,0.20601237842617154,0.762
"Dubón, Mauricio",True,525,0.273,0.394,104,25,2,11,176,1131,466,0.1980952380952381,0.047619047619047616,0.0038095238095238095,0.02095238095238095,0.22317596566523606,0.0536480686695279,0.004291845493562232,0.023605150214592276,0.15561450044208666,0.667
"McGonigle, Kevin",True,528,0.286,0.45,104,26,4,17,183,1128,469,0.19696969696969696,0.04924242424242424,0.007575757575757576,0.032196969696969696,0.22174840085287847,0.05543710021321962,0.008528784648187633,0.03624733475479744,0.1622340425531915,0.736
"Duran, Ezequiel",True,474,0.281,0.466,86,26,4,17,295,1116,374,0.18143459915611815,0.05485232067510549,0.008438818565400843,0.035864978902953586,0.22994652406417113,0.06951871657754011,0.0106951871657754,0.045454545454545456,0.26433691756272404,0.7470000000000001
"Happ, Ian",False,463,0.24,0.451,62,24,2,23,339,1113,331,0.13390928725701945,0.05183585313174946,0.004319654427645789,0.04967602591792657,0.18731117824773413,0.07250755287009064,0.006042296072507553,0.06948640483383686,0.3045822102425876,0.6910000000000001
"Tucker, Kyle",False,470,0.238,0.394,73,21,4,14,239,1111,401,0.15531914893617021,0.04468085106382979,0.00851063829787234,0.029787234042553193,0.18204488778054864,0.05236907730673317,0.00997506234413965,0.034912718204488775,0.2151215121512151,0.632
"Benge, Carson",False,514,0.286,0.435,108,19,3,17,240,1108,411,0.21011673151750973,0.03696498054474708,0.005836575875486381,0.033073929961089495,0.26277372262773724,0.046228710462287104,0.0072992700729927005,0.0413625304136253,0.21660649819494585,0.721
"Baldwin, Drake",False,482,0.288,0.471,98,18,0,23,274,1106,382,0.2033195020746888,0.03734439834024896,0.0,0.04771784232365145,0.25654450261780104,0.04712041884816754,0.0,0.060209424083769635,0.24773960216998192,0.7589999999999999
"Caminero, Junior",True,553,0.288,0.551,96,22,1,40,263,1104,455,0.1735985533453888,0.039783001808318265,0.0018083182640144665,0.07233273056057866,0.210989010989011,0.04835164835164835,0.002197802197802198,0.08791208791208792,0.23822463768115942,0.839
"Carroll, Corbin",False,507,0.252,0.499,62,30,16,20,305,1101,402,0.1222879684418146,0.05917159763313609,0.03155818540433925,0.03944773175542406,0.15422885572139303,0.07462686567164178,0.03980099502487562,0.04975124378109453,0.27702089009990916,0.751
"Gonzales, Nick",False,501,0.315,0.408,125,26,1,6,253,1101,428,0.249500998003992,0.05189620758483034,0.001996007984031936,0.011976047904191617,0.29205607476635514,0.06074766355140187,0.002336448598130841,0.014018691588785047,0.22979109900090827,0.723
"Bregman, Alex",False,554,0.276,0.476,96,31,1,25,173,1094,486,0.17328519855595667,0.05595667870036101,0.0018050541516245488,0.04512635379061372,0.19753086419753085,0.06378600823045268,0.00205761316872428,0.051440329218107,0.15813528336380256,0.752
"Young, Cole",False,525,0.258,0.407,96,18,4,17,210,1089,443,0.18285714285714286,0.03428571428571429,0.007619047619047619,0.03238095238095238,0.21670428893905191,0.040632054176072234,0.009029345372460496,0.03837471783295711,0.1928374655647383,0.665
"Duran, Jarren",True,518,0.209,0.375,69,15,4,20,366,1085,376,0.13320463320463322,0.02895752895752896,0.007722007722007722,0.03861003861003861,0.18351063829787234,0.0398936170212766,0.010638297872340425,0.05319148936170213,0.33732718894009217,0.584
"Goodman, Hunter",True,460,0.252,0.548,59,18,1,38,378,1083,313,0.1282608695652174,0.0391304347826087,0.002173913043478261,0.08260869565217391,0.18849840255591055,0.05750798722044728,0.003194888178913738,0.12140575079872204,0.3490304709141274,0.8
"Hoerner, Nico",True,580,0.267,0.365,118,28,1,8,130,1081,536,0.20344827586206896,0.04827586206896552,0.0017241379310344827,0.013793103448275862,0.22014925373134328,0.05223880597014925,0.0018656716417910447,0.014925373134328358,0.12025901942645699,0.632
"Lopez, Otto",False,582,0.309,0.454,130,31,9,10,206,1077,513,0.22336769759450173,0.05326460481099656,0.015463917525773196,0.01718213058419244,0.253411306042885,0.06042884990253411,0.017543859649122806,0.01949317738791423,0.19127205199628597,0.763
"Tatis Jr., Fernando",True,558,0.3,0.481,114,29,3,21,284,1074,465,0.20430107526881722,0.05197132616487455,0.005376344086021506,0.03763440860215054,0.24516129032258063,0.06236559139784946,0.0064516129032258064,0.04516129032258064,0.2644320297951583,0.7809999999999999
"Tovar, Ezequiel",True,432,0.214,0.346,60,21,0,11,315,1074,320,0.1388888888888889,0.04861111111111111,0.0,0.02546296296296296,0.1875,0.065625,0.0,0.034375,0.29329608938547486,0.5599999999999999
"Rumfield, TJ",False,494,0.306,0.47,104,29,3,15,206,1073,428,0.21052631578947367,0.058704453441295545,0.006072874493927126,0.030364372469635626,0.24299065420560748,0.06775700934579439,0.007009345794392523,0.035046728971962614,0.19198508853681268,0.776
"Burger, Jake",False,481,0.249,0.458,73,21,0,26,368,1071,363,0.15176715176715178,0.04365904365904366,0.0,0.05405405405405406,0.20110192837465565,0.05785123966942149,0.0,0.07162534435261708,0.34360410830999066,0.7070000000000001
"Dingler, Dillon",True,490,0.258,0.489,72,25,2,27,234,1064,391,0.1469387755102041,0.05102040816326531,0.004081632653061225,0.05510204081632653,0.18414322250639387,0.0639386189258312,0.005115089514066497,0.06905370843989769,0.2199248120300752,0.747
"Rice, Ben",False,489,0.282,0.575,75,22,3,38,271,1064,382,0.15337423312883436,0.044989775051124746,0.006134969325153374,0.07770961145194274,0.19633507853403143,0.05759162303664921,0.007853403141361256,0.09947643979057591,0.25469924812030076,0.857
"Rocchio, Brayan",True,496,0.251,0.384,87,21,2,13,238,1062,428,0.17540322580645162,0.04233870967741935,0.004032258064516129,0.02620967741935484,0.20327102803738317,0.04906542056074766,0.004672897196261682,0.030373831775700934,0.224105461393597,0.635
"Pages, Andy",True,475,0.282,0.481,86,25,2,21,233,1061,391,0.18105263157894738,0.05263157894736842,0.004210526315789474,0.04421052631578947,0.21994884910485935,0.0639386189258312,0.005115089514066497,0.05370843989769821,0.21960414703110273,0.7629999999999999
"Ohtani, Shohei",False,474,0.294,0.561,80,25,4,30,333,1058,363,0.16877637130801687,0.052742616033755275,0.008438818565400843,0.06329113924050633,0.22038567493112948,0.06887052341597796,0.011019283746556474,0.08264462809917356,0.31474480151228734,0.855
"Alvarez, Yordan",True,495,0.327,0.629,93,30,1,38,210,1052,414,0.18787878787878787,0.06060606060606061,0.00202020202020202,0.07676767676767676,0.2246376811594203,0.07246376811594203,0.0024154589371980675,0.09178743961352658,0.19961977186311788,0.956
"Smith, Cam",False,454,0.225,0.425,60,16,6,20,303,1049,346,0.13215859030837004,0.03524229074889868,0.013215859030837005,0.04405286343612335,0.17341040462427745,0.046242774566473986,0.017341040462427744,0.057803468208092484,0.2888465204957102,0.65
"Greene, Riley",True,441,0.299,0.518,80,30,2,20,314,1045,327,0.18140589569160998,0.06802721088435375,0.0045351473922902496,0.045351473922902494,0.24464831804281345,0.09174311926605505,0.0061162079510703364,0.06116207951070336,0.3004784688995215,0.817
"Perdomo, Geraldo",False,508,0.262,0.384,97,19,6,9,123,1042,459,0.19094488188976377,0.03740157480314961,0.011811023622047244,0.017716535433070866,0.2113289760348584,0.04139433551198257,0.013071895424836602,0.0196078431372549,0.118042226487524,0.646
"Clement, Ernie",True,553,0.269,0.382,108,31,1,9,160,1041,501,0.19529837251356238,0.05605786618444846,0.0018083182640144665,0.0162748643761302,0.2155688622754491,0.06187624750499002,0.001996007984031936,0.017964071856287425,0.15369836695485112,0.651
"Raleigh, Cal",False,379,0.195,0.399,40,13,0,21,321,1037,265,0.10554089709762533,0.03430079155672823,0.0,0.055408970976253295,0.1509433962264151,0.04905660377358491,0.0,0.07924528301886792,0.3095467695274831,0.5940000000000001
"Marsh, Brandon",False,478,0.275,0.433,93,19,2,17,258,1037,370,0.19456066945606695,0.0397489539748954,0.0041841004184100415,0.03556485355648536,0.25135135135135134,0.051351351351351354,0.005405405405405406,0.04594594594594595,0.24879459980713597,0.708
"Witt Jr., Bobby",True,494,0.289,0.467,94,30,1,18,261,1036,414,0.1902834008097166,0.06072874493927125,0.0020242914979757085,0.03643724696356275,0.22705314009661837,0.07246376811594203,0.0024154589371980675,0.043478260869565216,0.2519305019305019,0.756
"Meidroth, Chase",True,504,0.281,0.422,99,27,0,14,205,1034,400,0.19642857142857142,0.05357142857142857,0.0,0.027777777777777776,0.2475,0.0675,0.0,0.035,0.19825918762088976,0.7030000000000001
"Giménez, Andrés",False,439,0.247,0.37,75,23,1,9,249,1027,360,0.17084282460136674,0.05239179954441914,0.002277904328018223,0.02050113895216401,0.20833333333333334,0.06388888888888888,0.002777777777777778,0.025,0.24245374878286272,0.617
"McCarthy, Jake",False,489,0.302,0.497,93,29,9,15,219,1027,417,0.1901840490797546,0.05930470347648262,0.018404907975460124,0.03067484662576687,0.22302158273381295,0.06954436450839328,0.02158273381294964,0.03597122302158273,0.21324245374878287,0.7989999999999999
"Clemens, Kody",True,468,0.253,0.497,64,22,6,26,253,1026,370,0.13675213675213677,0.04700854700854701,0.01282051282051282,0.05555555555555555,0.17297297297297298,0.05945945945945946,0.016216216216216217,0.07027027027027027,0.246588693957115,0.75
"Varsho, Daulton",False,450,0.233,0.372,68,23,3,11,220,1022,364,0.1511111111111111,0.051111111111111114,0.006666666666666667,0.024444444444444446,0.18681318681318682,0.06318681318681318,0.008241758241758242,0.03021978021978022,0.21526418786692758,0.605
"Naylor, Josh",False,535,0.279,0.376,118,21,0,10,177,1020,475,0.2205607476635514,0.03925233644859813,0.0,0.018691588785046728,0.24842105263157896,0.04421052631578947,0.0,0.021052631578947368,0.17352941176470588,0.655
"Torkelson, Spencer",True,462,0.236,0.441,62,24,0,23,321,1020,319,0.1341991341991342,0.05194805194805195,0.0,0.049783549783549784,0.19435736677115986,0.07523510971786834,0.0,0.07210031347962383,0.31470588235294117,0.677
"Arenado, Nolan",True,476,0.246,0.46,68,23,1,25,242,1017,380,0.14285714285714285,0.04831932773109244,0.0021008403361344537,0.052521008403361345,0.17894736842105263,0.060526315789473685,0.002631578947368421,0.06578947368421052,0.23795476892822026,0.706
"Castro, Willi",False,405,0.274,0.443,75,20,1,15,313,1017,301,0.18518518518518517,0.04938271604938271,0.0024691358024691358,0.037037037037037035,0.24916943521594684,0.0664451827242525,0.0033222591362126247,0.04983388704318937,0.3077679449360865,0.7170000000000001
"Jensen, Carter",True,454,0.249,0.491,56,31,2,24,298,1014,336,0.12334801762114538,0.06828193832599119,0.004405286343612335,0.05286343612334802,0.16666666666666666,0.09226190476190477,0.005952380952380952,0.07142857142857142,0.2938856015779093,0.74
"Suzuki, Seiya",True,447,0.3,0.536,79,30,1,24,238,1009,363,0.1767337807606264,0.06711409395973154,0.0022371364653243847,0.053691275167785234,0.21763085399449036,0.08264462809917356,0.0027548209366391185,0.06611570247933884,0.2358771060455897,0.8360000000000001
"Contreras, William",True,511,0.282,0.441,101,25,1,17,205,1006,449,0.19765166340508805,0.04892367906066536,0.0019569471624266144,0.033268101761252444,0.22494432071269488,0.0556792873051225,0.0022271714922048997,0.0378619153674833,0.20377733598409542,0.723
"Marte, Ketel",False,496,0.258,0.46,77,26,3,22,203,1003,435,0.15524193548387097,0.05241935483870968,0.006048387096774193,0.04435483870967742,0.17701149425287357,0.059770114942528735,0.006896551724137931,0.05057471264367816,0.2023928215353938,0.718
"Trout, Mike",True,427,0.27,0.479,69,25,0,21,250,996,322,0.16159250585480095,0.0585480093676815,0.0,0.04918032786885246,0.21428571428571427,0.07763975155279502,0.0,0.06521739130434782,0.25100401606425704,0.749
"Bohm, Alec",False,507,0.256,0.408,86,28,1,15,167,990,446,0.16962524654832348,0.055226824457593686,0.0019723865877712033,0.029585798816568046,0.19282511210762332,0.06278026905829596,0.002242152466367713,0.033632286995515695,0.1686868686868687,0.6639999999999999
"Caglianone, Jac",True,448,0.299,0.523,82,27,2,23,290,988,344,0.18303571428571427,0.060267857142857144,0.004464285714285714,0.05133928571428571,0.23837209302325582,0.07848837209302326,0.005813953488372093,0.06686046511627906,0.2935222672064777,0.8220000000000001
"Contreras, Willson",False,415,0.292,0.55,71,21,3,26,303,986,310,0.1710843373493976,0.05060240963855422,0.007228915662650603,0.06265060240963856,0.22903225806451613,0.06774193548387097,0.00967741935483871,0.08387096774193549,0.30730223123732253,0.8420000000000001
"De La Cruz, Elly",True,457,0.319,0.577,87,28,5,26,276,981,357,0.19037199124726478,0.061269146608315096,0.010940919037199124,0.05689277899343545,0.24369747899159663,0.0784313725490196,0.014005602240896359,0.07282913165266107,0.28134556574923547,0.8959999999999999
"Edwards, Xavier",False,495,0.289,0.389,113,17,6,6,168,975,435,0.22828282828282828,0.03434343434343434,0.012121212121212121,0.012121212121212121,0.2597701149425287,0.03908045977011494,0.013793103448275862,0.013793103448275862,0.1723076923076923,0.6779999999999999
"Lee, Jung Hoo",False,505,0.283,0.413,101,29,4,9,123,974,467,0.2,0.05742574257425743,0.007920792079207921,0.01782178217821782,0.21627408993576017,0.06209850107066381,0.008565310492505354,0.019271948608137045,0.12628336755646818,0.696
"McNeil, Jeff",False,439,0.268,0.374,88,21,0,8,147,973,391,0.20045558086560364,0.04783599088838269,0.0,0.018223234624145785,0.22506393861892582,0.05370843989769821,0.0,0.020460358056265986,0.1510791366906475,0.642
"García Jr., Luis",False,465,0.299,0.572,78,26,5,30,198,973,397,0.16774193548387098,0.05591397849462366,0.010752688172043012,0.06451612903225806,0.1964735516372796,0.0654911838790932,0.012594458438287154,0.07556675062972293,0.20349434737923947,0.871
"Stott, Bryson",False,480,0.26,0.409,80,28,6,10,187,973,405,0.16666666666666666,0.058333333333333334,0.0125,0.020833333333333332,0.19753086419753085,0.0691358024691358,0.014814814814814815,0.024691358024691357,0.19218910585817062,0.669
"Wetherholt, JJ",False,475,0.257,0.395,91,14,0,17,195,972,412,0.19157894736842104,0.029473684210526315,0.0,0.035789473684210524,0.220873786407767,0.03398058252427184,0.0,0.0412621359223301,0.2006172839506173,0.652
"Guerrero Jr., Vladimir",False,499,0.271,0.377,102,24,0,9,192,972,440,0.20440881763527055,0.04809619238476954,0.0,0.018036072144288578,0.2318181818181818,0.05454545454545454,0.0,0.020454545454545454,0.19753086419753085,0.648
"Chisholm Jr., Jazz",False,436,0.245,0.431,69,16,3,19,299,968,312,0.15825688073394495,0.03669724770642202,0.006880733944954129,0.04357798165137615,0.22115384615384615,0.05128205128205128,0.009615384615384616,0.060897435897435896,0.30888429752066116,0.6759999999999999
"Chourio, Jackson",True,450,0.311,0.527,90,27,0,23,240,962,359,0.2,0.06,0.0,0.051111111111111114,0.25069637883008355,0.07520891364902507,0.0,0.06406685236768803,0.2494802494802495,0.8380000000000001
"Adames, Willy",False,437,0.245,0.452,60,25,1,21,275,952,327,0.13729977116704806,0.057208237986270026,0.002288329519450801,0.04805491990846682,0.1834862385321101,0.0764525993883792,0.0030581039755351682,0.06422018348623854,0.28886554621848737,0.6970000000000001
"Butler, Lawrence",False,392,0.251,0.424,64,17,1,16,253,944,302,0.16326530612244897,0.04336734693877551,0.002551020408163265,0.04081632653061224,0.2119205298013245,0.056291390728476824,0.0033112582781456954,0.052980132450331126,0.2680084745762712,0.675
"Muncy, Max",True,426,0.268,0.525,62,23,1,28,276,943,319,0.14553990610328638,0.0539906103286385,0.002347417840375587,0.06572769953051644,0.19435736677115986,0.07210031347962383,0.003134796238244514,0.0877742946708464,0.2926829268292683,0.793
"Mangum, Jake",False,393,0.296,0.388,90,19,2,4,199,940,326,0.22900763358778625,0.04834605597964377,0.005089058524173028,0.010178117048346057,0.27607361963190186,0.05828220858895705,0.006134969325153374,0.012269938650306749,0.21170212765957447,0.6839999999999999
"Semien, Marcus",True,440,0.226,0.359,71,13,1,14,222,938,358,0.16136363636363638,0.029545454545454545,0.0022727272727272726,0.031818181818181815,0.19832402234636873,0.036312849162011177,0.002793296089385475,0.03910614525139665,0.23667377398720682,0.585
"Stowers, Kyle",False,392,0.256,0.488,52,25,4,19,337,938,263,0.1326530612244898,0.06377551020408163,0.01020408163265306,0.04846938775510204,0.19771863117870722,0.09505703422053231,0.015209125475285171,0.07224334600760456,0.35927505330490406,0.744
"France, Ty",False,387,0.295,0.522,72,20,2,20,257,932,300,0.18604651162790697,0.05167958656330749,0.00516795865633075,0.05167958656330749,0.24,0.06666666666666667,0.006666666666666667,0.06666666666666667,0.2757510729613734,0.817
"Mullins, Cedric",False,411,0.209,0.357,57,10,3,14,205,930,334,0.1386861313868613,0.024330900243309004,0.0072992700729927005,0.0340632603406326,0.17065868263473055,0.029940119760479042,0.008982035928143712,0.041916167664670656,0.22043010752688172,0.566
"Bleday, JJ",False,402,0.229,0.447,52,16,2,22,248,917,317,0.12935323383084577,0.03980099502487562,0.004975124378109453,0.05472636815920398,0.1640378548895899,0.050473186119873815,0.006309148264984227,0.0694006309148265,0.27044711014176664,0.676
"Moreno, Gabriel",False,428,0.304,0.482,85,31,1,13,143,914,366,0.1985981308411215,0.07242990654205607,0.002336448598130841,0.030373831775700934,0.23224043715846995,0.08469945355191257,0.00273224043715847,0.03551912568306011,0.15645514223194748,0.786
"Springer, George",False,416,0.262,0.436,69,22,2,15,215,914,344,0.1658653846153846,0.052884615384615384,0.004807692307692308,0.036057692307692304,0.2005813953488372,0.06395348837209303,0.005813953488372093,0.0436046511627907,0.23522975929978118,0.698
"Bogaerts, Xander",True,468,0.231,0.339,81,16,0,11,210,914,390,0.17307692307692307,0.03418803418803419,0.0,0.023504273504273504,0.2076923076923077,0.041025641025641026,0.0,0.028205128205128206,0.22975929978118162,0.5700000000000001
"Durbin, Caleb",False,455,0.263,0.409,81,23,1,13,149,912,407,0.17802197802197803,0.05054945054945055,0.002197802197802198,0.02857142857142857,0.19901719901719903,0.056511056511056514,0.002457002457002457,0.03194103194103194,0.16337719298245615,0.6719999999999999
"Lewis, Royce",True,406,0.236,0.405,58,23,1,14,295,912,307,0.14285714285714285,0.05665024630541872,0.0024630541871921183,0.034482758620689655,0.18892508143322476,0.0749185667752443,0.003257328990228013,0.04560260586319218,0.32346491228070173,0.641
"Wood, James",False,421,0.302,0.595,67,29,1,30,275,912,313,0.15914489311163896,0.0688836104513064,0.0023752969121140144,0.07125890736342043,0.21405750798722045,0.0926517571884984,0.003194888178913738,0.09584664536741214,0.30153508771929827,0.897
"Ramírez, José",False,424,0.232,0.372,63,24,0,11,143,912,368,0.14858490566037735,0.05660377358490566,0.0,0.025943396226415096,0.17119565217391305,0.06521739130434782,0.0,0.029891304347826088,0.15679824561403508,0.604
"Bellinger, Cody",False,441,0.277,0.456,79,25,3,15,183,911,380,0.17913832199546487,0.05668934240362812,0.006802721088435374,0.034013605442176874,0.20789473684210527,0.06578947368421052,0.007894736842105263,0.039473684210526314,0.20087815587266739,0.7330000000000001
"Church, Nathan",True,388,0.258,0.388,74,14,2,10,184,910,327,0.19072164948453607,0.03608247422680412,0.005154639175257732,0.02577319587628866,0.22629969418960244,0.04281345565749235,0.0061162079510703364,0.03058103975535168,0.2021978021978022,0.646
"Altuve, Jose",True,442,0.263,0.429,76,23,2,15,200,909,374,0.17194570135746606,0.05203619909502263,0.004524886877828055,0.033936651583710405,0.20320855614973263,0.06149732620320856,0.0053475935828877,0.040106951871657755,0.22002200220022003,0.692
"Keaschall, Luke",True,466,0.284,0.406,97,25,1,9,149,896,409,0.20815450643776823,0.0536480686695279,0.002145922746781116,0.019313304721030045,0.2371638141809291,0.061124694376528114,0.0024449877750611247,0.022004889975550123,0.16629464285714285,0.69
"Bauers, Jake",False,402,0.296,0.55,72,19,2,26,259,895,306,0.1791044776119403,0.0472636815920398,0.004975124378109453,0.06467661691542288,0.23529411764705882,0.06209150326797386,0.006535947712418301,0.08496732026143791,0.28938547486033517,0.8460000000000001
"Marsee, Jakob",False,442,0.243,0.37,74,18,5,9,162,891,368,0.167420814479638,0.04072398190045249,0.011312217194570135,0.020361990950226245,0.20108695652173914,0.04891304347826087,0.01358695652173913,0.024456521739130436,0.18181818181818182,0.613
"Murakami, Munetaka",False,364,0.231,0.526,39,14,0,31,376,886,235,0.10714285714285714,0.038461538461538464,0.0,0.08516483516483517,0.16595744680851063,0.059574468085106386,0.0,0.13191489361702127,0.42437923250564336,0.757
"Nuñez, Nasim",False,395,0.222,0.26,77,5,3,1,188,885,323,0.1949367088607595,0.012658227848101266,0.007594936708860759,0.002531645569620253,0.23839009287925697,0.015479876160990712,0.009287925696594427,0.0030959752321981426,0.21242937853107344,0.482
"Simpson, Chandler",False,528,0.312,0.366,142,14,6,0,93,884,501,0.2689393939393939,0.026515151515151516,0.011363636363636364,0.0,0.2834331337325349,0.027944111776447105,0.011976047904191617,0.0,0.10520361990950226,0.6779999999999999
"Peters, Tristan",False,397,0.29,0.483,67,31,4,12,206,882,333,0.16876574307304787,0.07808564231738035,0.010075566750629723,0.030226700251889168,0.2012012012012012,0.09309309309309309,0.012012012012012012,0.036036036036036036,0.23356009070294784,0.7729999999999999
"Yelich, Christian",False,395,0.251,0.408,63,23,2,11,257,877,292,0.15949367088607594,0.05822784810126582,0.005063291139240506,0.027848101265822784,0.21575342465753425,0.07876712328767123,0.00684931506849315,0.03767123287671233,0.29304446978335236,0.659
"Kwan, Steven",False,478,0.293,0.367,113,21,2,3,75,874,448,0.23640167364016737,0.043933054393305436,0.0041841004184100415,0.006276150627615063,0.25223214285714285,0.046875,0.004464285714285714,0.006696428571428571,0.08581235697940504,0.6599999999999999
"Peña, Jeremy",False,389,0.272,0.457,70,18,1,17,278,870,297,0.17994858611825193,0.04627249357326478,0.002570694087403599,0.043701799485861184,0.2356902356902357,0.06060606060606061,0.003367003367003367,0.05723905723905724,0.3195402298850575,0.7290000000000001
"Taveras, Leody",True,385,0.237,0.376,59,16,6,8,216,868,297,0.15324675324675324,0.04155844155844156,0.015584415584415584,0.02077922077922078,0.19865319865319866,0.05387205387205387,0.020202020202020204,0.026936026936026935,0.2488479262672811,0.613
"Canzone, Dominic",True,402,0.276,0.52,61,25,3,22,232,868,330,0.1517412935323383,0.06218905472636816,0.007462686567164179,0.05472636815920398,0.18484848484848485,0.07575757575757576,0.00909090909090909,0.06666666666666667,0.2672811059907834,0.796
"Antonacci, Sam",False,427,0.281,0.411,84,23,4,8,129,865,367,0.19672131147540983,0.053864168618266976,0.00936768149882904,0.01873536299765808,0.22888283378746593,0.06267029972752043,0.010899182561307902,0.021798365122615803,0.14913294797687862,0.692
"Mitchell, Garrett",False,375,0.305,0.491,71,28,4,11,312,864,275,0.18933333333333333,0.07466666666666667,0.010666666666666666,0.029333333333333333,0.2581818181818182,0.10181818181818182,0.014545454545454545,0.04,0.3611111111111111,0.796
"Benintendi, Andrew",False,380,0.253,0.444,56,24,2,14,241,861,302,0.14736842105263157,0.06315789473684211,0.005263157894736842,0.03684210526315789,0.18543046357615894,0.07947019867549669,0.006622516556291391,0.046357615894039736,0.27990708478513354,0.6970000000000001
"Caballero, José",False,370,0.243,0.39,63,13,0,13,240,858,289,0.17027027027027028,0.03513513513513514,0.0,0.03513513513513514,0.2179930795847751,0.04498269896193772,0.0,0.04498269896193772,0.27972027972027974,0.633
"Suárez, Eugenio",False,355,0.239,0.494,44,17,0,24,290,856,248,0.12394366197183099,0.04788732394366197,0.0,0.0676056338028169,0.1774193548387097,0.06854838709677419,0.0,0.0967741935483871,0.338785046728972,0.733
"Ward, Taylor",True,436,0.252,0.353,82,20,1,7,167,855,365,0.18807339449541285,0.045871559633027525,0.0022935779816513763,0.016055045871559634,0.22465753424657534,0.0547945205479452,0.0027397260273972603,0.019178082191780823,0.1953216374269006,0.605
"Baty, Brett",False,362,0.247,0.399,57,21,1,10,249,852,276,0.1574585635359116,0.058011049723756904,0.0027624309392265192,0.027624309392265192,0.20652173913043478,0.07608695652173914,0.0036231884057971015,0.036231884057971016,0.29225352112676056,0.646
"DeLauter, Chase",True,439,0.305,0.482,89,28,3,14,128,852,388,0.20273348519362186,0.06378132118451026,0.00683371298405467,0.03189066059225513,0.22938144329896906,0.07216494845360824,0.007731958762886598,0.03608247422680412,0.15023474178403756,0.7869999999999999
"Acuña Jr., Ronald",True,359,0.265,0.463,60,17,1,17,248,840,277,0.1671309192200557,0.04735376044568245,0.002785515320334262,0.04735376044568245,0.21660649819494585,0.061371841155234655,0.0036101083032490976,0.061371841155234655,0.29523809523809524,0.728
"Crawford, Justin",False,383,0.278,0.373,80,18,4,3,152,838,328,0.20887728459530025,0.04699738903394256,0.010443864229765013,0.007832898172323759,0.24390243902439024,0.054878048780487805,0.012195121951219513,0.009146341463414634,0.18138424821002386,0.651
"Vargas, Ildemaro",True,431,0.259,0.391,78,19,5,9,125,837,395,0.18097447795823665,0.04408352668213457,0.01160092807424594,0.02088167053364269,0.19746835443037974,0.04810126582278481,0.012658227848101266,0.02278481012658228,0.14934289127837516,0.65
"Swanson, Dansby",False,386,0.226,0.428,50,16,3,18,256,836,302,0.12953367875647667,0.04145077720207254,0.007772020725388601,0.046632124352331605,0.16556291390728478,0.052980132450331126,0.009933774834437087,0.059602649006622516,0.3062200956937799,0.654
"Bazzana, Travis",False,386,0.262,0.42,68,19,2,12,202,835,313,0.17616580310880828,0.04922279792746114,0.0051813471502590676,0.031088082901554404,0.21725239616613418,0.06070287539936102,0.006389776357827476,0.038338658146964855,0.24191616766467067,0.6819999999999999
"Winn, Masyn",True,430,0.247,0.343,79,20,2,5,196,833,346,0.18372093023255814,0.046511627906976744,0.004651162790697674,0.011627906976744186,0.22832369942196531,0.057803468208092484,0.005780346820809248,0.014450867052023121,0.23529411764705882,0.5900000000000001
"Moniak, Mickey",False,365,0.249,0.508,48,17,4,22,249,828,269,0.13150684931506848,0.04657534246575343,0.010958904109589041,0.06027397260273973,0.17843866171003717,0.06319702602230483,0.01486988847583643,0.08178438661710037,0.3007246376811594,0.757
"Hernández, Teoscar",False,375,0.277,0.441,72,17,2,13,266,826,278,0.192,0.04533333333333334,0.005333333333333333,0.034666666666666665,0.2589928057553957,0.06115107913669065,0.007194244604316547,0.046762589928057555,0.3220338983050847,0.718
"Johnston, Troy",True,372,0.283,0.404,71,29,1,4,198,812,305,0.19086021505376344,0.07795698924731183,0.002688172043010753,0.010752688172043012,0.23278688524590163,0.09508196721311475,0.003278688524590164,0.013114754098360656,0.2438423645320197,0.687
"Pederson, Joc",False,361,0.244,0.51,48,12,2,26,243,811,275,0.1329639889196676,0.0332409972299169,0.00554016620498615,0.07202216066481995,0.17454545454545456,0.04363636363636364,0.007272727272727273,0.09454545454545454,0.2996300863131936,0.754
"Hernández, Heriberto",False,373,0.241,0.484,49,16,1,24,270,809,278,0.13136729222520108,0.04289544235924933,0.002680965147453083,0.064343163538874,0.17625899280575538,0.05755395683453238,0.0035971223021582736,0.08633093525179857,0.3337453646477132,0.725
"Ewing, A.J.",True,368,0.269,0.406,69,19,1,9,195,804,287,0.1875,0.051630434782608696,0.002717391304347826,0.024456521739130436,0.24041811846689895,0.06620209059233449,0.003484320557491289,0.0313588850174216,0.24253731343283583,0.675
"McLain, Matt",False,374,0.202,0.371,43,17,0,15,226,801,280,0.11497326203208556,0.045454545454545456,0.0,0.040106951871657755,0.15357142857142858,0.060714285714285714,0.0,0.05357142857142857,0.28214731585518105,0.573
"Lindor, Francisco",False,350,0.24,0.46,51,9,4,20,197,801,281,0.1457142857142857,0.025714285714285714,0.011428571428571429,0.05714285714285714,0.18149466192170818,0.03202846975088968,0.014234875444839857,0.0711743772241993,0.2459425717852684,0.7
"Pasquantino, Vinnie",False,361,0.252,0.41,60,18,2,11,123,799,317,0.16620498614958448,0.04986149584487535,0.00554016620498615,0.030470914127423823,0.1892744479495268,0.056782334384858045,0.006309148264984227,0.03470031545741325,0.1539424280350438,0.6619999999999999
"Soderstrom, Tyler",False,367,0.264,0.511,48,27,3,19,183,798,306,0.1307901907356948,0.07356948228882834,0.008174386920980926,0.051771117166212535,0.1568627450980392,0.08823529411764706,0.00980392156862745,0.06209150326797386,0.22932330827067668,0.775
"Lukes, Nathan",False,364,0.285,0.407,79,13,0,10,132,798,321,0.21703296703296704,0.03571428571428571,0.0,0.027472527472527472,0.24610591900311526,0.040498442367601244,0.0,0.03115264797507788,0.16541353383458646,0.692
"Kurtz, Nick",False,313,0.288,0.543,53,15,1,21,294,797,211,0.16932907348242812,0.04792332268370607,0.003194888178913738,0.0670926517571885,0.25118483412322273,0.07109004739336493,0.004739336492890996,0.0995260663507109,0.36888331242158096,0.831
"Langford, Wyatt",False,340,0.265,0.482,52,19,2,17,195,795,279,0.15294117647058825,0.05588235294117647,0.0058823529411764705,0.05,0.1863799283154122,0.06810035842293907,0.007168458781362007,0.06093189964157706,0.24528301886792453,0.747
"Realmuto, J.T.",False,367,0.229,0.374,55,18,0,11,190,793,294,0.14986376021798364,0.04904632152588556,0.0,0.02997275204359673,0.1870748299319728,0.061224489795918366,0.0,0.03741496598639456,0.23959646910466584,0.603
"Hicks, Liam",False,441,0.291,0.457,95,14,1,18,90,791,406,0.21541950113378686,0.031746031746031744,0.0022675736961451248,0.04081632653061224,0.23399014778325122,0.034482758620689655,0.0024630541871921183,0.04433497536945813,0.11378002528445007,0.748
"Buxton, Byron",False,352,0.267,0.54,50,18,1,25,247,790,272,0.14204545454545456,0.05113636363636364,0.002840909090909091,0.07102272727272728,0.18382352941176472,0.0661764705882353,0.003676470588235294,0.09191176470588236,0.31265822784810127,0.807
"Langeliers, Shea",False,352,0.287,0.538,59,19,0,23,225,790,285,0.16761363636363635,0.05397727272727273,0.0,0.06534090909090909,0.20701754385964913,0.06666666666666667,0.0,0.08070175438596491,0.2848101265822785,0.825
"Ramos, Heliot",True,347,0.254,0.419,56,18,3,11,231,789,256,0.16138328530259366,0.05187319884726225,0.008645533141210375,0.03170028818443804,0.21875,0.0703125,0.01171875,0.04296875,0.29277566539923955,0.673
"Bolte, Henry",False,337,0.301,0.437,77,13,1,10,257,786,253,0.228486646884273,0.03857566765578635,0.002967359050445104,0.02967359050445104,0.30434782608695654,0.05138339920948617,0.003952569169960474,0.039525691699604744,0.32697201017811706,0.738
"Eldridge, Bryce",False,350,0.289,0.493,63,22,0,16,209,786,263,0.18,0.06285714285714286,0.0,0.045714285714285714,0.23954372623574144,0.08365019011406843,0.0,0.060836501901140684,0.26590330788804073,0.782
"Grissom, Vaughn",False,365,0.248,0.401,58,21,0,11,178,785,302,0.1589041095890411,0.057534246575342465,0.0,0.030136986301369864,0.19205298013245034,0.0695364238410596,0.0,0.03642384105960265,0.2267515923566879,0.649
"Stephenson, Tyler",True,346,0.272,0.469,58,21,0,15,208,784,265,0.1676300578034682,0.06069364161849711,0.0,0.04335260115606936,0.2188679245283019,0.07924528301886792,0.0,0.05660377358490566,0.2653061224489796,0.741
"Collins, Isaac",True,385,0.241,0.369,59,24,3,6,166,781,315,0.15324675324675324,0.06233766233766234,0.007792207792207792,0.015584415584415584,0.1873015873015873,0.0761904761904762,0.009523809523809525,0.01904761904761905,0.21254801536491677,0.61
"Schmitt, Casey",True,375,0.28,0.504,66,17,1,21,167,780,310,0.176,0.04533333333333334,0.0026666666666666666,0.056,0.2129032258064516,0.054838709677419356,0.0032258064516129032,0.06774193548387097,0.2141025641025641,0.784
"Mayo, Coby",False,345,0.241,0.5,43,14,3,23,238,779,245,0.1246376811594203,0.04057971014492753,0.008695652173913044,0.06666666666666667,0.17551020408163265,0.05714285714285714,0.012244897959183673,0.09387755102040816,0.3055198973042362,0.741
"Sanoja, Javier",False,407,0.296,0.449,78,30,4,8,93,778,379,0.19164619164619165,0.07371007371007371,0.009828009828009828,0.019656019656019656,0.20580474934036938,0.079155672823219,0.010554089709762533,0.021108179419525065,0.11953727506426735,0.745
"Massey, Michael",False,376,0.283,0.447,70,24,1,11,155,775,318,0.18617021276595744,0.06382978723404255,0.0026595744680851063,0.02925531914893617,0.22012578616352202,0.07547169811320754,0.0031446540880503146,0.03459119496855346,0.2,0.73
"Karros, Kyle",False,337,0.279,0.458,60,20,3,11,184,768,280,0.17804154302670624,0.05934718100890208,0.008902077151335312,0.032640949554896145,0.21428571428571427,0.07142857142857142,0.010714285714285714,0.039285714285714285,0.23958333333333334,0.7370000000000001
"Grisham, Trent",False,380,0.232,0.44,49,19,2,18,140,768,333,0.12894736842105264,0.05,0.005263157894736842,0.04736842105263158,0.14714714714714713,0.057057057057057055,0.006006006006006006,0.05405405405405406,0.18229166666666666,0.672
"Sheets, Gavin",False,338,0.222,0.411,44,15,0,16,161,768,274,0.1301775147928994,0.04437869822485207,0.0,0.047337278106508875,0.16058394160583941,0.05474452554744526,0.0,0.058394160583941604,0.20963541666666666,0.633
"Lowe, Nathaniel",True,345,0.264,0.482,52,22,0,17,167,767,268,0.15072463768115943,0.06376811594202898,0.0,0.04927536231884058,0.19402985074626866,0.08208955223880597,0.0,0.06343283582089553,0.21773142112125163,0.746
"Crews, Dylan",True,345,0.235,0.391,50,19,1,11,227,754,265,0.14492753623188406,0.05507246376811594,0.002898550724637681,0.03188405797101449,0.18867924528301888,0.07169811320754717,0.0037735849056603774,0.04150943396226415,0.3010610079575597,0.626
"Martínez, Angel",True,341,0.266,0.476,51,21,2,15,150,751,278,0.1495601173020528,0.06158357771260997,0.005865102639296188,0.04398826979472141,0.18345323741007194,0.07553956834532374,0.007194244604316547,0.0539568345323741,0.19973368841544606,0.742
"McKinstry, Zach",False,349,0.214,0.317,51,15,4,4,127,750,294,0.14613180515759314,0.04297994269340974,0.011461318051575931,0.011461318051575931,0.17346938775510204,0.05102040816326531,0.013605442176870748,0.013605442176870748,0.16933333333333334,0.531
"Peraza, Oswald",True,310,0.236,0.357,52,12,2,7,225,747,223,0.16774193548387098,0.03870967741935484,0.0064516129032258064,0.02258064516129032,0.23318385650224216,0.053811659192825115,0.008968609865470852,0.03139013452914798,0.30120481927710846,0.593
"Schanuel, Nolan",True,381,0.284,0.403,79,22,0,7,122,746,340,0.2073490813648294,0.05774278215223097,0.0,0.01837270341207349,0.2323529411764706,0.06470588235294118,0.0,0.020588235294117647,0.16353887399463807,0.687
"Larnach, Trevor",False,366,0.282,0.458,66,23,1,13,200,746,305,0.18032786885245902,0.06284153005464481,0.00273224043715847,0.03551912568306011,0.21639344262295082,0.07540983606557378,0.003278688524590164,0.04262295081967213,0.2680965147453083,0.74
"Seager, Corey",False,324,0.238,0.455,44,15,0,18,242,734,249,0.13580246913580246,0.046296296296296294,0.0,0.05555555555555555,0.17670682730923695,0.060240963855421686,0.0,0.07228915662650602,0.329700272479564,0.6930000000000001
"O'Hearn, Ryan",False,351,0.279,0.48,65,15,0,18,163,734,284,0.18518518518518517,0.042735042735042736,0.0,0.05128205128205128,0.22887323943661972,0.0528169014084507,0.0,0.06338028169014084,0.2220708446866485,0.759
"Lowe, Josh",False,271,0.212,0.367,38,8,0,11,232,733,191,0.14022140221402213,0.02952029520295203,0.0,0.04059040590405904,0.19895287958115182,0.041884816753926704,0.0,0.05759162303664921,0.3165075034106412,0.579
"Alvarez, Francisco",False,314,0.25,0.434,51,12,0,15,255,725,221,0.1624203821656051,0.03821656050955414,0.0,0.04777070063694268,0.23076923076923078,0.05429864253393665,0.0,0.06787330316742081,0.35172413793103446,0.6839999999999999
"Young, Jacob",False,381,0.263,0.413,66,20,3,10,153,725,329,0.1732283464566929,0.05249343832020997,0.007874015748031496,0.026246719160104987,0.2006079027355623,0.060790273556231005,0.00911854103343465,0.030395136778115502,0.2110344827586207,0.6759999999999999
"Basallo, Samuel",True,331,0.233,0.426,49,10,1,17,231,723,244,0.14803625377643503,0.030211480362537766,0.0030211480362537764,0.0513595166163142,0.20081967213114754,0.040983606557377046,0.004098360655737705,0.06967213114754098,0.31950207468879666,0.659
"Betts, Mookie",False,412,0.262,0.457,68,20,0,20,90,717,380,0.1650485436893204,0.04854368932038835,0.0,0.04854368932038835,0.17894736842105263,0.05263157894736842,0.0,0.05263157894736842,0.12552301255230125,0.7190000000000001
"Crawford, J.P.",True,336,0.245,0.383,59,12,0,11,119,716,285,0.17559523809523808,0.03571428571428571,0.0,0.03273809523809524,0.20701754385964913,0.042105263157894736,0.0,0.03859649122807018,0.16620111731843576,0.628
"Jung, Josh",True,331,0.326,0.488,75,23,1,9,127,696,295,0.22658610271903323,0.06948640483383686,0.0030211480362537764,0.027190332326283987,0.2542372881355932,0.07796610169491526,0.003389830508474576,0.030508474576271188,0.1824712643678161,0.8140000000000001
"Keith, Colt",False,355,0.273,0.431,66,17,4,10,153,694,298,0.18591549295774648,0.04788732394366197,0.011267605633802818,0.028169014084507043,0.2214765100671141,0.05704697986577181,0.013422818791946308,0.03355704697986577,0.22046109510086456,0.704
"Kelly, Carson",False,332,0.277,0.413,67,15,0,10,135,692,288,0.20180722891566266,0.045180722891566265,0.0,0.030120481927710843,0.2326388888888889,0.052083333333333336,0.0,0.034722222222222224,0.19508670520231214,0.69
"Goldschmidt, Paul",False,308,0.269,0.493,52,12,1,18,182,690,247,0.16883116883116883,0.03896103896103896,0.003246753246753247,0.05844155844155844,0.21052631578947367,0.048582995951417005,0.004048582995951417,0.0728744939271255,0.263768115942029,0.762
"Steer, Spencer",True,323,0.252,0.447,51,14,0,16,174,689,256,0.15789473684210525,0.043343653250773995,0.0,0.04953560371517028,0.19921875,0.0546875,0.0,0.0625,0.2525399129172714,0.6990000000000001
"Soler, Jorge",False,287,0.223,0.417,35,16,1,12,254,688,202,0.12195121951219512,0.05574912891986063,0.003484320557491289,0.041811846689895474,0.17326732673267325,0.07920792079207921,0.0049504950495049506,0.0594059405940594,0.3691860465116279,0.64
"Cowser, Colton",False,287,0.234,0.403,46,8,0,13,223,686,204,0.1602787456445993,0.027874564459930314,0.0,0.04529616724738676,0.22549019607843138,0.0392156862745098,0.0,0.06372549019607843,0.3250728862973761,0.637
"Wells, Austin",False,289,0.194,0.336,38,7,0,11,188,679,219,0.1314878892733564,0.02422145328719723,0.0,0.03806228373702422,0.1735159817351598,0.0319634703196347,0.0,0.0502283105022831,0.2768777614138439,0.53
"Manzardo, Kyle",False,295,0.227,0.403,43,10,1,13,208,679,200,0.14576271186440679,0.03389830508474576,0.003389830508474576,0.04406779661016949,0.215,0.05,0.005,0.065,0.30633284241531666,0.63
"Torres, Gleyber",False,305,0.289,0.413,67,13,0,8,148,674,256,0.21967213114754097,0.04262295081967213,0.0,0.02622950819672131,0.26171875,0.05078125,0.0,0.03125,0.2195845697329377,0.702
