"id","name","bat_side","side","avg_batter_y_position","avg_batter_x_position","avg_foot_sep","avg_stance_angle","avg_intercept_y_vs_batter","avg_intercept_y_vs_plate"
646240,"Devers, Rafael","L","L",22.1505975937608,26.18547406145714,30.781646996457766,-62.48440542538557,28.069903644094705,5.919306050333947
691718,"Crow-Armstrong, Pete","L","L",30.856699219549977,26.75432064796962,33.81310961148186,-1.4345135130893696,35.50912280217007,4.7512585585632365
677594,"Rodríguez, Julio","R","R",20.41304234570069,29.7162296058054,30.29531386996722,1.392561696437259,32.40918436167234,12.050092718026132
682985,"Greene, Riley","L","L",29.246681997054154,24.937430205324702,28.510886749807447,-7.476528176325734,31.61853453610491,2.516580426321479
592206,"Castellanos, Nick","R","R",29.41794836412645,29.396332401555338,27.383472395711628,-17.765288691316304,30.780029450252133,1.42576269617458
621566,"Olson, Matt","L","L",31.029837639475478,30.175854958382523,31.512589099178562,-9.874153532331748,32.044295001287836,1.127298802119082
694192,"Chourio, Jackson","R","R",24.71809376849089,30.456866965155754,40.620936956575285,1.0469005716612696,27.79350476259018,3.075410994099286
592518,"Machado, Manny","R","R",23.772872258765275,30.912809130582612,31.36160352502419,-38.76504593685889,30.745103849874294,6.972231591109015
680776,"Duran, Jarren","L","L",28.706926032541553,30.991856983215378,22.710452423573724,-2.4890270037608304,30.32487144550943,1.6179454129678845
663586,"Riley, Austin","R","R",28.757094476532966,28.147913090967137,30.09719726789646,-10.462276383075503,35.550003084003876,6.846753369837362
596115,"Story, Trevor","R","R",25.14230038159601,29.845718925971283,35.76742967972402,-24.998971799409173,35.57452527677866,10.547847902955578
521692,"Perez, Salvador","R","R",29.60991501829418,27.239741786348457,33.12567946623151,-25.55370451681848,30.452652990592725,0.8427379722985364
666969,"García, Adolis","R","R",28.646054293660956,25.470060163896257,29.475477480619094,-15.492615854355776,31.245181364738194,2.6550595021834624
624413,"Alonso, Pete","R","R",24.223131946232222,27.33900998404493,30.56280624738659,3.970830741929779,28.96662041221916,4.743488465986971
553993,"Suárez, Eugenio","R","R",18.837406979011092,23.01582092371133,23.60828313526444,-21.244869210596786,35.582037094610094,16.74463011559895
677951,"Witt Jr., Bobby","R","R",27.29054065499023,24.995424854236163,32.797837668097124,-16.661093596638217,27.917278529973988,0.6889850195033773
671218,"Ramos, Heliot","R","R",25.44251851894963,27.794351859836855,28.92773902176832,-5.068914514636696,27.368942021546825,1.9264235025972312
607208,"Turner, Trea","R","R",28.898808426150556,28.616995878870984,38.0934160808214,-0.05669999935151457,29.233388381243397,0.20466581792666005
572233,"Walker, Christian","R","R",28.54178841048007,26.229416402371594,25.2068364634862,-17.324409543607022,31.165907582737837,2.624119172257771
592450,"Judge, Aaron","R","R",26.338375048563694,32.8992162325656,29.912410573593466,-4.668199836034425,30.571766908338468,4.233391859774745
663993,"Lowe, Nathaniel","L","L",26.265416399619617,30.595945259750405,33.48463806346752,-13.333112186026193,27.29700226893017,1.031585869310561
667670,"Rooker, Brent","R","R",31.16171825591637,27.383181901404093,27.52853143596753,-14.185464349218275,33.09288393809526,1.995566655566268
681624,"Pages, Andy","R","R",31.438867054864936,30.018894683787117,17.794243487936072,-16.12823968592912,31.05031658143625,-0.3885504734287153
660271,"Ohtani, Shohei","L","L",28.89592800607742,31.829663824904156,36.2269727133528,-9.246265038401896,28.321891941171835,-0.5740360649056129
666182,"Bichette, Bo","R","R",27.760730218960187,25.318387396583535,33.56102144127269,2.498320137489585,25.399023740825726,-2.4188974923621025
642715,"Adames, Willy","R","R",29.218080160714553,29.2381656092891,33.154404542074246,-2.0509905543610834,31.455595712701484,2.2375155519869416
621020,"Swanson, Dansby","R","R",30.457192267939966,27.65854244004129,24.187269915309194,-12.43796441890194,32.13887332487447,1.6986241902009809
671732,"Butler, Lawrence","L","L",25.998837589387115,31.39305738604235,34.402946590568796,3.372230278344279,28.877480213164148,2.878642623777033
543760,"Semien, Marcus","R","R",27.852370984520487,23.937388520477512,30.619715761317675,-2.0720033703869793,30.671756362473744,2.89875341302254
668227,"Arozarena, Randy","R","R",20.339515380840744,24.764233684935007,18.924233830507067,3.5476036999149425,31.97622167590357,11.69915931425485
678882,"Rafaela, Ceddanne","R","R",29.841925227145968,27.031702223143974,23.511784921209635,-18.54173827791901,32.89468710975956,3.052761882613609
678246,"Vargas, Miguel","R","R",30.197704246662997,28.160793537551957,29.4100630813768,-5.76397884189008,35.40257182544332,5.241872360791763
663656,"Tucker, Kyle","L","L",27.942597226987402,30.31669254210048,36.52659640395954,-2.2347327931223755,28.452471199937925,0.5098739729505333
641355,"Bellinger, Cody","L","L",32.908843258052684,20.89092472882575,24.840343877163093,-9.37840517786054,29.90867234839306,-3.000170909659655
641487,"Crawford, J.P.","L","L",35.08174649169478,27.20063629392063,30.846557134460355,-29.62929139968111,36.434125502447785,1.3663490603186972
686469,"Pasquantino, Vinnie","L","L",28.962250547308305,31.506433946952416,39.38493716371596,-23.93855649953374,32.4594328433663,3.497182296057993
641857,"McMahon, Ryan","L","L",23.318869364744838,31.740758764886973,43.14436159906946,0.3724878682708353,27.06160569750912,3.742736332764249
668930,"Turang, Brice","L","L",30.576076827593454,27.126713729418178,25.696569408679725,-8.168278089120086,31.46060842377316,0.8845315961797127
656941,"Schwarber, Kyle","L","L",21.417669275768816,25.204197470425584,30.700606433726797,-7.421562479316487,32.6813878087068,11.263718532937887
666971,"Gurriel Jr., Lourdes","R","R",28.597829373353523,25.857807100031906,24.831802452058707,-14.147798913469929,31.130452507664266,2.6036844583563834
607043,"Nimmo, Brandon","L","L",28.25757979223167,31.577720271668262,25.880129035224204,-10.348273442357032,26.94076983073849,-1.237451225673233
669065,"Stowers, Kyle","L","L",29.45802392948897,29.341502394969204,34.47094734977269,-9.774599544668787,31.761793346069247,2.342292407299105
518692,"Freeman, Freddie","L","L",29.0491869870576,30.105068174952493,32.844055401107326,1.4930930022670688,26.61142646917811,-2.437760517879539
592885,"Yelich, Christian","L","L",27.853226290767267,29.2726454326329,31.930663211243917,0.10175300037707602,26.831665280332754,-1.0215610104345458
575929,"Contreras, Willson","R","R",23.594383813992618,30.099266258351506,25.610576101390578,-6.371563071631667,28.53228831707289,5.012475232420812
696100,"Goodman, Hunter","R","R",28.701747383461925,29.322491153275895,19.392032520135295,-17.433406910470392,38.873319067199965,10.275692665596395
691406,"Caminero, Junior","R","R",27.626213823725465,28.56940768437956,28.673935356763593,-29.813733196609363,35.44703356191071,7.884469192743211
661388,"Contreras, William","R","R",28.951911979851157,27.87110763316222,28.606294430222956,4.669300119619407,29.953038813725666,1.0011268338744799
665487,"Tatis Jr., Fernando","R","R",26.258095130330236,29.31609839158541,23.230148166944726,-43.725728488047096,29.288158308094367,3.030063177764113
673548,"Suzuki, Seiya","R","R",27.556020716753167,27.846559204549784,29.798402651003638,-4.700984175933212,34.76589321496689,7.209872498213699
695578,"Wood, James","L","L",31.04198091072854,29.56665923042732,27.62104677967694,-22.845873658430406,32.77869486239504,1.7367139516664984
664040,"Lowe, Brandon","L","L",27.209102421908316,26.525354912554548,21.790355785317065,-1.7755073498036742,33.60702553894807,6.397923117039738
671739,"Harris II, Michael","L","L",31.159943315421746,28.848868342915136,19.868985266489034,-11.311151460660147,29.794198497622922,-1.3657448177988467
679529,"Torkelson, Spencer","R","R",32.909665712081356,28.072295880757586,26.476987893609405,-16.238202690835436,30.366396364890136,-2.543269347191247
682998,"Carroll, Corbin","L","L",30.567430423887842,29.37222787055618,26.04756028723253,-3.1169311467384895,36.9142122706447,6.346781846756905
666018,"Aranda, Jonathan","L","L",27.24003324350675,29.47644694349238,31.29370142038205,-17.423034407356276,27.414068391964808,0.1740351484580671
683011,"Volpe, Anthony","R","R",28.74129367137476,29.198781867836065,27.138376234882404,2.1898517985164117,24.609824496048812,-4.046434848024097
691016,"Soderstrom, Tyler","L","L",29.085801176659043,30.913652353456225,32.64540281250377,-6.623385662574151,28.475702386857883,-0.5445361456577089
668715,"Steer, Spencer","R","R",28.83413290950958,25.514402760563545,35.88533661951609,-4.8914214401096645,32.69071386002451,3.856580950514971
650490,"Díaz, Yandy","R","R",29.357332557221387,28.540471100257744,28.830064251435953,-30.098270084710588,30.923653890107826,1.5663213328864174
702616,"Holliday, Jackson","L","L",25.457387365748744,28.316693569264835,25.6687870836045,-4.525120924854684,25.541339672178015,0.1244993132710519
664034,"France, Ty","R","R",28.420104951875107,26.979087811913228,31.957658273605283,-29.25177143111945,27.27412232992125,-1.1432592262863377
502671,"Goldschmidt, Paul","R","R",26.00666324010304,33.71257251960742,35.95473062538484,-10.800243465824286,21.39155636349055,-4.615106876612476
701358,"Smith, Cam","R","R",25.130097379990097,30.384829533977296,34.01899664014979,-11.424212547419915,28.613802513517207,3.483705133527124
683002,"Henderson, Gunnar","L","L",25.967308166617237,26.451709325988475,30.60813737587323,-4.375552456582331,32.952684712946116,6.944163835438751
650333,"Arraez, Luis","L","L",33.74926738312982,25.75543640529868,27.6700379301021,-25.18478282748143,31.81823282549711,-1.7967563468125416
663697,"India, Jonathan","R","R",27.91898682263227,27.918052854020086,30.09166535610949,-9.83977924170663,30.068652992993666,2.149666170361371
682928,"Abrams, CJ","L","L",27.268767939865764,29.86261566447077,32.61571964614235,-2.5301608483123386,31.22418060383349,3.9554126639677634
657757,"Sheets, Gavin","L","L",29.20107321969609,29.37351800432778,17.794015199369824,-33.58853119751404,34.03105355393912,4.829980334243004
670623,"Paredes, Isaac","R","R",30.893944723700624,25.91008644753394,30.016490172021214,-36.614790085558845,37.754283883739504,6.993345772605657
691026,"Winn, Masyn","R","R",33.34685521305184,22.877253367294493,14.95202035820199,-57.36786240247368,34.31035570397852,1.04946771849432
457705,"McCutchen, Andrew","R","R",29.92142167851957,28.806488845016904,35.372470606817515,-2.415815818673378,25.43286591446273,-4.488555764056816
666176,"Adell, Jo","R","R",25.632304853445238,28.010253125065443,37.53871143055857,-10.570331502219203,25.741213807736976,0.10890895429172076
673237,"Diaz, Yainer","R","R",29.313723920243937,28.40148659473521,32.75057264558996,-0.8512767706965408,32.54686364897799,3.233139728734063
514888,"Altuve, Jose","R","R",12.798946947689652,29.991092234540883,29.1824806924874,-19.259580279811896,29.479427185075654,16.680480237386
663616,"Larnach, Trevor","L","L",28.323535919241912,27.170493739727053,37.61670970672223,1.0585295640445402,34.00703849185572,5.687176873481647
527038,"Flores, Wilmer","R","R",27.614272276765575,25.431749508606366,42.73174837037861,-7.835035434313041,30.812539987644946,3.2700122118419053
542303,"Ozuna, Marcell","R","R",33.93560763645149,25.959321753278804,33.77883570743356,-25.313825218140373,32.78418747339568,-1.0658365700959251
808982,"Lee, Jung Hoo","L","L",26.71298413834121,21.13102805466051,28.41316542665811,-41.10551641842337,31.280347627735182,4.56736348939398
621439,"Buxton, Byron","R","R",23.79558600701657,28.11087821467138,28.45789128887348,0.8304924483668289,27.88131779027393,4.085731783257337
669701,"Smith, Josh","L","L",31.399596892589265,27.528505308375074,22.1132784277612,-21.459403082941158,30.91639243264436,-0.4832044599449077
694384,"Schanuel, Nolan","L","L",30.007652872248347,23.757777349041124,34.278670710120984,1.211127090695096,30.768294743296828,0.7606418710485059
663538,"Hoerner, Nico","R","R",29.49300839746575,26.50854841630263,29.378082450113116,-12.437680802111293,27.198128220569703,-2.294880176896104
664761,"Bohm, Alec","R","R",25.820579860397373,29.552512918507656,37.63497061910423,-8.507039125012593,26.260625562731075,0.4400457023336699
647304,"Naylor, Josh","L","L",24.946735221306096,27.072377090799336,44.44854787638417,-4.865121634617513,25.4007339339891,0.45399871268301695
656775,"Mullins, Cedric","L","L",31.476094894595178,24.263151454477356,28.929138364331152,-11.360535719805933,29.116790510248638,-2.3593043843465225
680977,"Donovan, Brendan","L","L",26.386040195984652,28.56777065859053,36.16831034312117,-7.762394545217986,24.942066873536035,-1.4439733224486133
621493,"Ward, Taylor","R","R",31.354540235773143,25.621510500262858,18.89029066220134,-42.257941885526456,34.01280960858308,2.732040260281636
665742,"Soto, Juan","L","L",25.32320620284664,30.289901654717333,42.213211303632384,-8.965686435784482,22.990902389999505,-2.3323038128471527
683737,"Busch, Michael","L","L",31.484809217650156,26.2439598020229,31.333125109572205,0.0708280291600183,32.38606813951951,0.9012589218693208
687597,"Beck, Jordan","R","R",17.88016633127558,29.403575098426284,30.790364260292694,-3.523774452771032,27.72499585847395,9.844829527198346
543807,"Springer, George","R","R",27.40886976645638,27.08999134764419,28.49981184717079,-6.093349965190667,21.52659220399229,-5.882277562464081
665489,"Guerrero Jr., Vladimir","R","R",27.064006605378573,29.45723641146279,27.045954412198576,-8.957590805798441,33.91211047165718,6.848103866278649
671277,"García Jr., Luis","L","L",28.009177284976754,28.475352944975263,32.163440314011496,-10.275286640580351,33.59467728862852,5.585500003651724
687263,"Neto, Zach","R","R",18.6906242685099,21.652184928618112,39.66098342273247,-3.189022294094211,35.54101600473772,16.913832098404185
663728,"Raleigh, Cal","L","L",29.142040819930322,23.79252043097006,24.97598686924779,1.8819738504335568,34.514211551857656,5.536785185590485
547180,"Harper, Bryce","L","L",23.484762277275152,29.328431923576964,32.954439723382464,-16.948451473728127,33.406713559173916,9.921951281898792
592663,"Realmuto, J.T.","R","R",30.85521839349135,27.48852329108568,26.232273521730324,-18.291836078350805,28.6652652761626,-2.1899531173287805
571448,"Arenado, Nolan","R","R",31.9160500688227,29.486412583598202,31.200162262536587,-3.9250154512482567,35.10689445647047,3.1766217868906317
694671,"Langford, Wyatt","R","R",28.366002082690304,27.697006096557168,29.193552510779345,-0.8038661504829334,31.696694033593445,3.330691950903109
677800,"Abreu, Wilyer","L","L",29.63097833448499,26.429978346919718,31.883695689180936,-22.048700451258597,31.121983404839913,1.4910050703549516
669224,"Wells, Austin","L","L",30.885411869922414,23.59357781889567,26.83933607020624,-8.183046216157082,31.06342770510948,0.17801583518702202
650402,"Torres, Gleyber","R","R",32.57828265825606,26.442233234345426,26.932958167150943,-33.55671813251693,30.681801675279726,-1.8964809829763816
665833,"Cruz, Oneil","L","L",27.15486587148888,26.688595925486204,40.83867548938642,-9.336832844518634,35.134171639871056,8.125594037156262
681351,"O'Hoppe, Logan","R","R",27.580625091633294,29.253788079020257,33.410101714430205,-6.300789166400735,33.760431509644725,6.179806418011392
606192,"Hernández, Teoscar","R","R",30.764247261078893,29.744572324011695,26.931650495868134,-8.172757886673736,31.29615494446314,0.7005689772774346
686217,"Frelick, Sal","L","L",30.536701523637863,27.469809344570226,26.715760402645753,-10.920339805262557,28.03209865301464,-2.50460287062322
673357,"Robert Jr., Luis","R","R",31.481145653455037,26.51230607106082,32.37725612812877,-21.483381725668195,31.06910595134012,-0.44198446969465266
680574,"McLain, Matt","R","R",27.744585885457685,26.73348965493892,28.187251353988895,-16.82501700452112,31.99800049299726,4.333600761507743
672580,"Garcia, Maikel","R","R",30.683025798276535,26.005938142235244,34.117737981179445,2.8362148657477744,33.74421216439374,3.0611863661171768
596146,"Kepler, Max","L","L",32.633519658864664,30.39704317074316,34.93783558036953,-24.635415046250774,31.863750080417198,-0.7697695784475087
656716,"McKinstry, Zach","L","L",27.62884706944535,26.537005428853895,31.833392498957295,-0.6580747651893177,26.567801534184476,-1.061045535260888
670770,"Friedl, TJ","L","L",32.525636183742,24.722048125544873,29.370273864906775,-28.233575701094342,40.104583229971105,7.641239527119396
680757,"Kwan, Steven","L","L",22.1603116129786,22.770743180668717,8.19679172827983,-16.042343736537937,29.989958276782602,7.829646663804031
681082,"Stott, Bryson","L","L",26.0366961153553,23.612372046647753,37.99177736341358,-2.8526184380594763,26.77133583913888,0.7346397237835447
686668,"Doyle, Brenton","R","R",24.24598804175739,28.68955952865355,41.619176822642025,-8.22923355556036,26.302518762259957,2.056530720502554
672820,"Sosa, Lenyn","R","R",30.18608685665629,27.957347748589047,30.805551261278833,-9.578723482761312,32.26143694660809,2.0952028984295126
605141,"Betts, Mookie","R","R",25.303116293762404,28.24918338642207,26.04462199440055,-15.179934756265364,33.49047189225415,8.187355598491713
672356,"Arias, Gabriel","R","R",29.13370716060126,35.3170871944145,26.05392461059876,-3.593195743428361,35.30564833356464,6.241211418560297
665966,"Narváez, Carlos","R","R",24.519227294466713,29.072937866538336,26.368502595716357,-20.159542669978002,30.495004685783698,6.156524044556509
672386,"Kirk, Alejandro","R","R",21.605447882536172,31.49103320792681,28.7879330665169,4.313735121943516,30.898521406220162,9.293073523683972
676572,"Wagaman, Eric","R","R",24.921599383039332,28.049629061659008,28.881680542354392,-2.6037520357561252,31.94230243665117,7.020703053611825
805779,"Wilson, Jacob","R","R",28.462387114186967,26.06616824844068,28.970756200301047,-36.134503625818844,30.53035090731699,2.0679637931300086
663647,"Hayes, Ke'Bryan","R","R",32.89926975396427,25.73879176663663,24.81508706853169,-16.14948818862896,34.46819729101045,1.5689275370462035
656811,"O'Hearn, Ryan","L","L",25.810503703702366,29.259286068061886,25.480908490894308,-6.786985763996708,27.368784448964078,1.5514133415186748
676475,"Burleson, Alec","L","L",33.85635755477365,23.352892729738713,19.07287298346772,-24.668967537395666,31.71252321583416,-2.143834338939472
665161,"Peña, Jeremy","R","R",30.047808963301932,26.160334487309985,33.65989570745531,-19.08847193046367,31.654940566163177,1.6071316028612337
663457,"Nootbaar, Lars","L","L",28.89469780262624,27.13872656328637,22.522415860765804,-20.6185995950099,35.85494239730071,6.960244594674457
621043,"Correa, Carlos","R","R",25.489557004034882,28.32765128985498,36.574956206541565,-1.5273363591008342,28.644545428639564,3.1477287922707724
593428,"Bogaerts, Xander","R","R",18.185050016758563,29.024891065775442,28.873096430546138,-8.12867545829479,34.63869644418329,16.45364642742475
660821,"Sánchez, Jesús","L","L",26.099292081434548,28.78105485760896,34.315595667555606,-8.798073166799128,35.53091574870045,9.386344987156544
676391,"Clement, Ernie","R","R",22.736524400751517,28.3280963316627,32.20902472973036,-1.486752295910508,30.487005054429485,7.750480653677975
596019,"Lindor, Francisco","L","L",26.401748155771923,26.454460740901634,29.074789059951613,-6.26194632309112,28.3951827883108,1.9934346325389036
666158,"Lux, Gavin","L","L",33.74014657057052,26.519345129947343,29.018098751390966,-8.586427373975601,32.381433122068536,-1.358713448501982
668804,"Reynolds, Bryan","L","L",25.66163074640607,26.735096515361047,44.07584783127239,-5.203860721689507,28.40332953260548,2.7416987861994286
573262,"Yastrzemski, Mike","L","L",28.47114752374248,24.928171537270934,23.643794262812076,-1.0764636041340754,29.468129208304603,1.0817608727937227
681481,"Carpenter, Kerry","L","L",32.8043105343898,29.36907436043837,22.271765691796414,-14.598397146947665,25.114123995941128,-7.690186538448666
682663,"Ramírez, Agustín","R","R",29.17315477895949,30.356346492652612,37.81111793082784,-14.461974191106362,29.97436250447014,0.8012077255106576
673962,"Jung, Josh","R","R",24.475824129550634,25.3439300277015,25.886832123002147,-4.732619075204752,32.3958111365184,7.919987006967691
624585,"Soler, Jorge","R","R",28.621780964347323,29.052820724162665,38.09499330342079,-19.108119071398008,28.238503975111154,-0.3832769892361618
687401,"Ortiz, Joey","R","R",31.562884652882186,28.074508416236657,30.46834806568054,-11.919405789116148,29.646764162696094,-1.9161204901861346
672640,"Lopez, Otto","R","R",29.359178000783725,28.228496649508866,31.8352811367782,0.03376537853195406,30.59236473663342,1.2252302301387843
645277,"Albies, Ozzie","L","L",35.02253701588522,23.00880829780508,36.880636248108026,-39.5740067025397,37.020992522646985,1.998455506761772
608369,"Seager, Corey","L","L",26.87445314811136,29.419600088928902,29.730088331501097,-24.615697137424068,32.393064475064755,5.6040957231401265
624424,"Conforto, Michael","L","L",26.485479861757064,28.341165128658094,31.26182051257586,-4.28850301938259,28.273547093020575,1.7880672312634545
656555,"Hoskins, Rhys","R","R",31.136960462127696,28.58670831392299,25.634013554420424,-6.453691118728581,32.601993727058094,1.465033264930387
656305,"Chapman, Matt","R","R",28.808522522215622,30.142451987756584,26.733248261980556,-12.160587743518038,27.693222492092534,-1.115300030123052
669394,"Burger, Jake","R","R",23.441570349716752,31.851164481021232,22.8140664940986,-2.5828138128803078,31.506969645520698,8.065399295803957
545361,"Trout, Mike","R","R",30.24848858986453,25.866208835968457,28.628633462620083,-10.60845996794036,24.24094954260706,-6.007539047257456
571970,"Muncy, Max","L","L",26.78049547655794,28.32995173514086,22.7311661508447,-2.3286412942147403,37.59874157043601,10.88878576193784
701538,"Merrill, Jackson","L","L",23.07572845077244,29.235552670168587,23.60031646978009,1.0355098525122002,26.63879644041256,3.563067989640107
595879,"Báez, Javier","R","R",19.696515891223804,28.83785249288459,31.542371351949736,-10.475704615626192,30.027447171628246,10.330931280404421
700932,"Manzardo, Kyle","L","L",22.39133399890158,31.58400562906802,35.94915703863432,-3.257837836660676,33.68846684917757,11.297132850275993
687363,"Scott II, Victor","L","L",23.438021004189466,24.12745457753633,19.683463939776505,-50.689359393336574,32.25708699543159,8.81906599124213
665862,"Chisholm Jr., Jazz","L","L",29.546005570613097,26.04977471108249,31.067468874192556,-3.298790887275364,30.40012277629127,0.854117205678186
681393,"Norby, Connor","R","R",26.750869060735926,26.032319496209777,34.92999158336167,-7.324007808361307,31.945610570494157,5.1323918419567995
677950,"Thomas, Alek","L","L",20.784263596473373,27.319385825470114,17.386462222073433,-26.617932232706107,32.88427712145796,12.100013524984607
690993,"Keith, Colt","L","L",23.45329692694918,29.346097394293583,31.884687711014887,-9.489959856477263,30.511253456027717,7.057956529078545
666134,"Jones, Nolan","L","L",27.38777239781271,27.289297192165126,29.28608785376581,-5.767371950415588,32.92675899904568,5.630016164337029
680718,"Barger, Addison","L","L",32.7772354208124,25.667952374962038,20.093383567832998,-53.12991175550121,32.84805009111996,0.16179071481584728
700250,"Rice, Ben","L","L",30.293046535532625,28.119652676164225,32.70920271608838,-29.03631427922191,28.47804414898688,-1.8150023865457587
669257,"Smith, Will","R","R",32.58389528059631,28.9513861678129,16.71681632042917,-22.152549701199494,31.191490568364777,-1.392404712231544
669397,"Allen, Nick","R","R",26.913638721051118,27.172823110874415,28.759875245626542,-8.505254438313852,31.943621378735266,5.029982657684144
810938,"Williamson, Ben","R","R",27.87930654989617,28.584391913696734,21.64839421721419,-1.3393886515219098,24.877578048587193,-3.001728501308966
608070,"Ramírez, José","L","L",30.369758948611874,21.70589646061842,26.81196481020948,-13.249058199487884,32.654368919732406,2.2823253401966
669127,"Langeliers, Shea","R","R",26.711333186886996,29.662764374322233,35.983461105799535,-16.380383478943525,32.047879577339515,5.441588680063774
668901,"Vientos, Mark","R","R",26.23083285374331,29.35056951571782,27.827239185489358,-6.115728247653782,27.080060698032938,0.8492278442896222
624428,"Frazier, Adam","L","L",20.852130693010164,22.363112910457346,39.07304779873064,1.0780706888760456,23.19295963538826,2.34082894237811
664056,"Bader, Harrison","R","R",28.014846988307088,27.91806827621644,21.469553960704907,-10.651889689578613,33.38721819276065,5.420673486630893
643217,"Benintendi, Andrew","L","L",30.564825248808557,21.992151221485692,22.595034238915375,-25.060774485980883,35.929099361145155,5.3654066556657085
650859,"Rengifo, Luis","L","L",18.88505117571055,26.81676523167335,29.523645702368288,-16.006388722508444,26.0585387342903,7.17348755857973
676694,"Meyers, Jake","R","R",30.84514140981524,30.696099016193116,31.836619121937616,-2.1144779673086407,29.6545434930056,6.7169639290044785
664023,"Happ, Ian","L","L",31.521807318519322,26.334457464208295,26.628713145274684,-5.49179540623409,34.442900440159846,2.921093121640528
630105,"Cronenworth, Jake","L","L",33.38651237585182,27.817953041650796,27.139477671464693,4.791312066838069,31.19494340047169,-2.1915689753801217
643396,"Kiner-Falefa, Isiah","R","R",29.591207626328465,27.6091121056748,27.053517980311238,-28.126375577154917,29.07748236112183,-0.6053037910934087
666310,"Naylor, Bo","L","L",27.131891392105864,31.566421902111763,28.949997573445856,-21.783933409715054,36.04717973479931,8.915288342693458
663757,"Grisham, Trent","L","L",33.16383219818448,30.89779233694198,21.683020508858732,-16.699554525756977,23.92544792839916,-9.238384269785335
621438,"Taylor, Tyrone","R","R",26.65318210891893,25.334531057245098,26.083117748561246,-16.834321620889177,31.050683505751515,4.397501396832613
693307,"Dingler, Dillon","R","R",25.545059130895325,28.251775505272594,37.24182042764647,-10.943795977807607,28.108774253011944,2.5637151221166476
686780,"Pagés, Pedro","R","R",28.2089188641575,28.73993866888124,25.64247034392397,-7.5333036633404715,36.18755583429694,8.228402313526225
682829,"De La Cruz, Elly","L","L",28.88969868437879,30.444534361945678,29.7844526895443,-30.44358377160428,37.16188722331596,8.272188538937176
672695,"Perdomo, Geraldo","L","L",16.797586228241233,25.235820206098065,41.54491825250213,-7.267871471291323,23.970895491195332,7.173309262954099
683146,"Baty, Brett","L","L",30.257586606570783,30.08354753587904,26.1683194723531,-8.044270229797819,26.002707648773978,-4.254878957796766
666160,"Moniak, Mickey","L","L",25.57899559615597,30.91556955484275,32.32691896700234,-10.227233835298032,28.83543302450023,3.2564374283442525
643446,"McNeil, Jeff","L","L",31.118494561174774,25.67785393373009,31.9810222130678,-5.214391896123629,30.35502747407532,-0.7574880416748648
805367,"Meidroth, Chase","R","R",31.524280933766587,28.67509936384774,29.372655377335867,-19.44623205279886,28.733549829896607,-2.790449392259257
669221,"Murphy, Sean","R","R",29.940793634891474,30.813246378835636,29.868626130962248,-17.389188548165393,30.203166471463163,0.26237283657169286
605137,"Bell, Josh","L","L",29.026920634170082,27.936054711906884,32.050432250651596,-12.097753013758886,27.086206432316803,-1.9407142018533179
602104,"Urías, Ramón","R","R",30.24664538447272,28.5660878986844,29.36861851174772,-17.624521819102913,28.405283843344115,-1.8842794896925597
669289,"Espinal, Santiago","R","R",36.65241417544251,25.667069713872344,21.232689829625834,-15.145479408335648,31.300554445272162,-5.351859730170343
467793,"Santana, Carlos","L","L",26.470964148799432,26.77724395946977,23.814865890075815,-25.021083196970746,34.445239596966765,8.081886114913413
666139,"Lowe, Josh","L","L",23.984652910216326,31.355096399838295,34.30186297034545,-8.691731133252622,29.41699475005538,5.432341839839086
657656,"Laureano, Ramón","R","R",31.200715885050837,30.937979076889945,17.859364964295466,4.907636476690547,32.47417301385808,1.2734571288072445
700242,"Sweeney, Trey","L","L",27.085451420809086,27.493375748703425,23.917034973095568,-18.73395891336456,34.170827137489674,7.188859662135222
680777,"Jeffers, Ryan","R","R",27.88940754461206,27.927115073417408,36.01026890036312,-5.755363468871492,28.4479579313994,0.5336738365523033
691176,"Domínguez, Jasson","L","L",27.73935926964903,23.641214786632435,19.44126501630977,-20.327968782345188,30.953909679916304,3.214550410267279
656976,"Smith, Pavin","L","L",28.905491883497554,28.769133054308444,32.206075645850966,-6.636385392568686,28.509035414485368,-0.3964564690121293
692225,"Campbell, Kristian","R","R",27.88914976020289,29.69034407172478,32.11700248334578,13.037387448041201,29.475162151742378,1.5860123915395086
650489,"Castro, Willi","L","L",32.17237818119246,22.579404612185645,25.192186851265834,-7.307754240923172,29.967046539057478,-2.205331642134972
593871,"Polanco, Jorge","L","L",26.767505038886622,28.219081375743105,32.071113757274006,-3.5958895201666286,32.03808272259916,5.256506974477144
669911,"Toglia, Michael","L","L",27.22924605576381,30.52743129214363,33.26214186834594,-6.091625907777881,27.27548445022155,0.04623839445773825
682657,"Martínez, Angel","L","L",31.13195358806948,25.691678999717997,35.938076227094534,-23.627823746459388,36.218512191633565,5.0865586035640575
669364,"Edwards, Xavier","L","L",21.69756570210866,24.632627057147275,29.216433147431765,-10.065420916013823,27.744609203700087,5.935017541401429
686797,"Lee, Brooks","L","L",26.429238253351002,27.543345621447898,33.49532462505863,-1.0715405992687355,28.54959688344764,2.1203586300966037
641680,"Heim, Jonah","L","L",29.945903252543506,30.811324695662652,22.39864592464707,-16.68059732385507,28.98020223241139,-0.9657010201321157
660688,"Ruiz, Keibert","L","L",35.15912263266597,23.501456943671627,27.434457809594115,-24.684832837545486,37.25460577072009,2.0954831380540746
669242,"Edman, Tommy","L","L",29.120283466471346,26.176008786765873,23.06850165845477,-14.29309583789451,29.444931018524233,0.32464755205291596
672275,"Bailey, Patrick","L","L",29.423158641070128,28.878359704143968,29.243831333596578,-12.75440908464368,31.564266237373253,2.141107596303133
668939,"Rutschman, Adley","L","L",26.421255319929646,26.38042804874181,39.45914325867824,-16.256552998131912,25.48191151107375,-0.9393438088558845
663968,"Mangum, Jake","L","L",26.399545863337778,28.901642135619042,22.94427316561888,-1.4656141415345962,19.404426612225123,-7.108880486526337
606466,"Marte, Ketel","L","L",31.166033022650797,21.81139547663643,20.991756467131623,-16.023752250419342,37.47818864773012,6.464264870877603
670764,"Walls, Taylor","L","L",27.92426612541111,26.787058749487358,28.11907203125015,-3.5549061385289646,24.507349449736754,-5.495806464259196
663728,"Raleigh, Cal","R","R",26.56692191587404,25.264147645736973,24.800203328785447,-2.3999983287970794,39.68753260187023,13.287726469499308
596019,"Lindor, Francisco","R","R",28.104553015523194,25.427576891125764,27.51813486004741,-9.293188238717518,31.053108162793848,-1.5929339725507
682829,"De La Cruz, Elly","R","R",29.16484133907255,30.042831912272405,29.49598295408232,-22.339944257633586,37.0897433628412,7.9249020237686665
664023,"Happ, Ian","R","R",30.115047786868494,28.337475595943694,23.993959953966506,-1.8595201629634726,34.60784446124943,4.492796674380951
645277,"Albies, Ozzie","R","R",33.172267249616716,17.60384249118844,28.700229057195514,-55.648090131323855,35.27348094809161,2.1012136984749006
668804,"Reynolds, Bryan","R","R",31.08698744219796,28.57117680199153,31.28407145601585,-2.062996188015562,27.46209042571926,-3.6248970164787195
608070,"Ramírez, José","R","R",29.3424174028333,25.51163288618181,27.54566989216339,-6.847569638662839,31.94237762936852,2.5999602265352024
691176,"Domínguez, Jasson","R","R",29.55019970198142,25.0768350131314,23.28485307253169,-23.886272054481783,28.202736289230582,-1.3474634127508374
672695,"Perdomo, Geraldo","R","R",21.813218585560367,25.899094706172942,42.09866112930627,-13.870330866585512,28.03514293127828,6.221924345717909
467793,"Santana, Carlos","R","R",28.70086742452345,27.450864520801623,27.247886247167845,-23.536388828841883,33.09875473854414,4.397887314020693
641680,"Heim, Jonah","R","R",28.99914432196674,31.36843336829292,24.496573717602022,-6.442771345124402,25.771178237417043,-3.2279660845497045
669364,"Edwards, Xavier","R","R",18.447264193338146,24.623785995767246,28.32522408743125,-8.763843435054477,30.618368201117338,12.17110400777921
650489,"Castro, Willi","R","R",31.70090938419044,27.672421315274406,23.921766225227614,-1.0758880022661943,31.512474647495466,-0.1884347366949939
682657,"Martínez, Angel","R","R",30.902163997057283,23.684157337683775,36.122100568745566,-23.982790524154094,39.639822231636614,8.948508615122698
669911,"Toglia, Michael","R","R",22.06015068035645,30.66770316979829,33.5822535702052,-3.8011470894540973,30.69136098677746,8.631210306421004
686797,"Lee, Brooks","R","R",25.79563301889533,29.86561409693794,35.269313905365955,-2.085639418068551,33.37976142270191,7.584128403806588
606466,"Marte, Ketel","R","R",30.05955651241841,24.975800525838448,19.84111060696775,6.2831165996834235,38.266192870978394,8.206636358559983
669242,"Edman, Tommy","R","R",27.17686632711328,29.131497535594466,23.96972802577431,-3.754207032981257,29.17543038152028,1.9985640544070122
650859,"Rengifo, Luis","R","R",18.175903420818127,26.89373272785842,34.38336196637096,-18.542155325723176,27.71730744991109,9.541404029092973
670764,"Walls, Taylor","R","R",30.861819743227105,25.072180215686117,26.38497163129423,-9.234832108206515,28.180262758133527,-2.681556985093593
672275,"Bailey, Patrick","R","R",28.10234823576259,28.58203896448772,26.636382179969008,-8.751914685790894,29.040883685875198,0.9385354501126031
605137,"Bell, Josh","R","R",31.9358311831535,28.10138118016542,29.578406700602095,-19.828348141041005,25.813853064194543,-6.121978118958948
663968,"Mangum, Jake","R","R",24.17199486255809,28.832907591514516,25.458655131915712,0.29479531645544615,27.86107482742294,3.0162414454247326
668939,"Rutschman, Adley","R","R",27.07682941332824,26.95870570529013,40.489929790702654,-3.6824838696510143,26.125729126967908,-0.9511002863603366
660688,"Ruiz, Keibert","R","R",30.050774871261925,30.870189848103895,30.35010452450435,-19.576859962805987,35.23955355869623,5.669874263272984
593871,"Polanco, Jorge","R","R",21.71825691809191,26.040410114874092,31.536568628088606,-14.892099815091731,36.0328250026713,14.314568084579385