name,scissor_kick_combined,xwoba,woba,babip,slg,xslg,attack_angle,attack_direction,swing_path_tilt,hardhit_percent,obp,k_percent,bb_percent,singles,doubles,triples,hrs,bat_speed,swing_length,pa,whiffs,swings,launch_angle,launch_speed,bip
"Merrill, Jackson",True,0.339,0.311,0.302,0.465,0.515,8.769251999013644,1.0155698726179097,38.30264528846505,49.55156950672646,0.265,22.5,0,96,25,5,26,71.5,7.4,577,382,1392,14.5,90.8,447
"Crow-Armstrong, Pete",False,0.358,0.388,0.326,0.623,0.556,14.591488921952942,-6.367408304607833,34.81466118589906,49.06976744186046,0.3,24.3,0,87,30,8,45,72.5,7.4,568,370,1389,21.3,89.9,430
"Albies, Ozzie",False,0.247,0.276,0.249,0.411,0.353,11.773509522821293,-4.528385862856155,34.89275527306384,28.007889546351084,0.242,14.3,0,94,27,1,22,67.0,7.1,596,287,1384,17.8,87.1,511
"Neto, Zach",True,0.281,0.307,0.319,0.466,0.436,18.961934873976467,-5.9318804434422026,39.83877789981974,41.13110539845759,0.255,30.0,0,82,29,5,26,69.0,7.0,557,454,1376,22.7,89.5,390
"Bichette, Bo",True,0.313,0.293,0.3,0.41,0.44,1.0024170858473291,4.775120966749721,38.15476318096108,41.935483870967744,0.272,16.0,0,118,24,2,17,68.1,7.0,592,260,1330,8.1,89.6,497
"Olson, Matt",True,0.339,0.343,0.282,0.543,0.54,9.377324948583157,-1.2328383610996416,33.67919621205635,51.48063781321185,0.269,22.5,0,80,33,0,40,72.9,7.5,568,338,1326,17.7,92.4,440
"Adell, Jo",False,0.311,0.288,0.288,0.424,0.463,9.585643389199705,-4.267849249096583,35.49688916798253,43.925233644859816,0.252,22.2,0,92,25,1,22,75.3,7.7,555,375,1325,16.4,90.1,432
"Freeman, Freddie",False,0.338,0.323,0.334,0.455,0.483,6.542394442017753,4.20606345345983,42.32246349469117,41.318681318681314,0.299,16.5,0,114,32,1,16,68.6,6.6,546,302,1315,12.2,89.4,456
"Harper, Bryce",False,0.337,0.334,0.313,0.512,0.505,10.977646777238965,0.3957348061478195,37.14380473543089,43.7799043062201,0.278,22.4,0,87,32,3,28,72.4,7.2,539,402,1307,12.6,89.9,418
"Stewart, Sal",False,0.329,0.326,0.298,0.494,0.501,11.11318726073316,7.281565548073733,33.33640009193253,42.0,0.276,20.4,0,103,25,0,32,70.2,7.5,579,350,1296,12.4,90.4,461
"Lowe, Brandon",True,0.303,0.335,0.324,0.52,0.459,15.011133025942886,-1.7453192508919784,33.72544979000807,45.36082474226804,0.273,28.4,0,85,29,1,33,70.8,7.0,542,455,1289,15.8,91.0,388
"Henderson, Gunnar",True,0.29,0.279,0.259,0.42,0.419,9.500408812868544,0.5222744552240299,31.91115067593752,43.26086956521739,0.235,20.4,0,81,27,5,23,72.3,7.3,578,299,1287,12.1,89.2,460
"Lile, Daylen",False,0.31,0.301,0.281,0.455,0.463,11.851807762845672,-0.7016495559304301,38.60827151382685,38.01295896328294,0.257,18.5,0,88,28,8,22,69.9,7.4,569,305,1285,18.7,88.5,464
"Turner, Trea",False,0.275,0.28,0.283,0.401,0.384,8.156093392085175,-2.8315247681879843,25.318699204485977,39.03966597077244,0.252,19.1,0,101,28,1,19,70.0,7.5,592,357,1280,11.4,88.2,479
"Schwarber, Kyle",False,0.337,0.344,0.283,0.565,0.544,14.64207943051303,-8.223650702466964,29.30304356611334,49.42528735632184,0.256,31.8,0,67,18,1,45,74.3,7.4,512,425,1276,20.2,92.3,349
"Burleson, Alec",False,0.354,0.33,0.314,0.483,0.536,13.052631501088662,1.8932540029635567,36.4793580914419,50.0,0.29,16.5,0,104,37,1,23,71.9,7.6,569,287,1275,12.5,91.7,475
"Abreu, Wilyer",False,0.319,0.307,0.284,0.469,0.491,7.211864755976554,1.815354137105676,33.09474210342551,43.75,0.257,20.4,0,80,36,4,24,72.3,7.1,564,313,1266,19.1,89.8,447
"Nimmo, Brandon",False,0.326,0.302,0.321,0.432,0.475,6.750142797647633,3.526317951545128,29.342345030139388,50.46296296296296,0.274,20.1,0,96,34,4,14,70.5,6.9,541,299,1265,9.9,92.1,432
"Perez, Salvador",False,0.295,0.263,0.251,0.386,0.44,11.076833166123,-2.94878209648849,34.615724217862855,42.888888888888886,0.231,18.0,0,84,23,1,19,70.2,7.7,551,319,1260,15.6,89.1,450
"Alonso, Pete",False,0.37,0.341,0.299,0.529,0.576,9.863241685890223,3.5065029847878115,34.109357775504755,55.86854460093896,0.276,23.5,0,92,24,0,38,73.0,7.1,557,336,1254,14.7,93.8,426
"Abrams, CJ",False,0.299,0.33,0.301,0.512,0.446,13.165873494887396,-4.99407372530974,29.00554862014244,40.77669902912621,0.269,23.9,0,82,30,3,31,70.9,7.6,543,364,1244,17.7,89.5,413
"Reynolds, Bryan",False,0.325,0.319,0.33,0.462,0.485,10.064681378161692,3.0519088558034326,37.54108360994854,47.88732394366197,0.284,20.4,0,94,39,2,17,70.5,6.9,535,352,1243,8.3,90.9,426
"Machado, Manny",False,0.297,0.275,0.234,0.426,0.441,6.8492559100427926,-0.5967077575296275,26.26323923548316,43.83561643835616,0.226,20.2,0,74,22,0,28,72.7,7.8,550,310,1229,13.8,90.0,439
"Devers, Rafael",False,0.322,0.353,0.294,0.563,0.507,8.999095794769717,6.218187102415164,30.59017283012853,51.74999999999999,0.275,23.5,0,70,36,1,37,70.6,7.5,524,355,1225,14.9,92.8,401
"Herrera, Iván",True,0.288,0.288,0.284,0.412,0.408,6.20174182160612,-0.5189579191754545,30.67174217647803,40.8296943231441,0.26,16.8,0,99,26,1,18,71.2,7.6,554,250,1224,9.2,89.4,461
"Paredes, Isaac",True,0.27,0.305,0.269,0.45,0.38,14.041798920130343,-10.616569975461,34.1750073123226,29.19389978213508,0.266,12.5,0,91,26,1,22,65.6,7.7,526,182,1222,24.1,86.1,460
"Montgomery, Colson",False,0.283,0.293,0.269,0.465,0.444,12.34930191116256,-7.292168190773675,32.82495309358509,41.81818181818181,0.227,32.8,0,57,24,0,31,74.6,7.9,494,456,1221,23.8,88.7,332
"Okamoto, Kazuma",False,0.3,0.307,0.281,0.481,0.469,15.205827239613043,-3.2598549448426004,31.73183287876269,44.0,0.245,28.8,0,72,24,0,33,70.7,7.9,527,401,1220,19.5,90.5,375
"Lee, Brooks",True,0.256,0.301,0.269,0.444,0.363,10.81163381223571,-4.749100977102057,30.69819147367185,34.04710920770878,0.26,14.6,0,92,24,3,23,68.1,6.9,547,253,1214,15.7,87.8,467
"Rodríguez, Julio",False,0.325,0.294,0.285,0.426,0.47,7.196895345334406,-3.180075198264155,30.93677240448308,44.62242562929062,0.26,18.7,0,94,25,0,21,75.0,7.7,539,325,1211,12.6,90.4,438
"Arozarena, Randy",True,0.306,0.339,0.327,0.504,0.442,7.112585370001922,5.70276843400132,26.574186447556706,43.0622009569378,0.291,21.1,0,96,31,1,26,68.7,7.1,530,313,1207,9.8,90.9,418
"Aranda, Jonathan",False,0.331,0.339,0.339,0.49,0.491,7.468219320340888,6.823821314116896,34.6999341898709,45.67307692307692,0.304,18.9,0,108,26,0,22,68.7,7.0,514,269,1206,14.3,91.0,417
"Walker, Jordan",True,0.336,0.344,0.336,0.513,0.502,6.146953489885306,-5.214473564914535,29.06073202240345,49.764150943396224,0.295,22.3,0,100,33,0,28,77.3,8.3,546,385,1205,11.6,92.7,424
"Walker, Christian",False,0.267,0.277,0.251,0.423,0.397,7.189059448508548,-3.999949676487895,28.62816704449808,39.95098039215687,0.229,22.9,0,70,25,1,25,72.1,7.4,529,347,1200,14.4,88.8,408
"Harris II, Michael",False,0.332,0.339,0.323,0.497,0.483,6.499762802938633,-1.4342421381576294,31.486930393438204,46.82713347921225,0.295,18.5,0,106,32,1,26,72.9,8.0,562,296,1199,9.5,89.7,458
"Rafaela, Ceddanne",True,0.271,0.324,0.332,0.462,0.374,7.304343953825782,1.595924195708683,32.16896657229464,32.066508313539195,0.293,18.0,0,100,32,3,16,67.0,7.1,518,298,1198,11.8,85.9,425
"Turang, Brice",True,0.309,0.322,0.34,0.47,0.454,6.9960553759556126,8.922889655595705,35.71925219356798,41.70854271356784,0.282,24.0,0,91,34,3,19,67.2,6.6,526,276,1197,7.8,88.8,400
"Riley, Austin",True,0.282,0.273,0.304,0.397,0.432,10.311983345549969,-2.854524740930465,31.35908730010881,44.10112359550562,0.241,28.5,0,80,21,2,17,74.0,7.5,498,380,1193,18.6,91.2,356
"Vargas, Miguel",False,0.348,0.329,0.261,0.514,0.537,12.092521726187645,-2.889620588003865,34.231259003610184,44.05286343612335,0.264,16.1,0,78,31,1,33,72.0,7.7,542,249,1190,20.1,90.2,454
"Bell, Josh",False,0.31,0.299,0.295,0.436,0.462,9.370003106285116,-1.4750734776548216,33.73325023590292,42.298850574712645,0.264,19.1,0,93,28,1,20,70.3,7.9,538,275,1188,13.5,89.8,434
"Busch, Michael",False,0.29,0.292,0.292,0.429,0.436,13.864199947061902,-0.6244194324687694,34.076405111912806,39.85849056603774,0.256,21.3,0,89,27,2,20,66.2,6.9,539,302,1181,15.5,88.2,424
"Dubón, Mauricio",True,0.287,0.296,0.296,0.406,0.388,3.28981771859172,2.053093411615542,30.331072829766928,29.690721649484537,0.28,10.3,0,109,28,3,11,67.3,7.6,544,182,1180,16.0,86.3,485
"Baldwin, Drake",False,0.346,0.332,0.332,0.479,0.523,11.290542488656294,5.606878652390599,34.15527709516999,50.374064837905244,0.295,20.6,0,105,20,0,24,73.4,7.3,505,290,1176,11.8,91.4,401
"Díaz, Yandy",False,0.327,0.332,0.314,0.471,0.462,1.451918673513983,8.570053959444094,23.59179054784326,48.007968127490045,0.303,11.9,0,125,25,1,22,72.1,7.5,571,175,1174,5.9,91.0,503
"Arraez, Luis",False,0.288,0.315,0.313,0.428,0.381,7.20650548803639,3.607258408106445,36.398483565403865,19.064124783362217,0.309,3.7,0,137,33,7,6,61.4,5.7,599,85,1174,15.5,85.5,577
"McGonigle, Kevin",True,0.32,0.315,0.299,0.447,0.473,14.441659972166027,2.622087394527981,36.30035293376287,37.24696356275304,0.288,11.0,0,112,26,5,17,69.5,6.9,556,188,1171,19.9,88.0,495
"Duran, Ezequiel",True,0.281,0.312,0.323,0.456,0.395,5.928451234469668,4.344187532965746,28.988235370572536,38.24289405684754,0.277,21.4,0,89,27,4,17,69.8,7.0,496,307,1166,11.2,87.6,390
"Benge, Carson",False,0.321,0.316,0.332,0.443,0.459,5.794881341812767,4.328655522703883,33.87153500290982,38.97911832946635,0.29,19.6,0,116,19,3,19,68.7,6.5,541,249,1165,12.1,88.6,435
"Carroll, Corbin",False,0.315,0.316,0.282,0.503,0.48,10.351102595020183,1.7090319853593368,25.92561511841125,48.67469879518072,0.253,20.9,0,65,31,16,22,74.1,7.4,530,319,1153,15.6,91.8,419
"Tucker, Kyle",False,0.297,0.284,0.258,0.42,0.423,8.765124572527183,-4.645357243483404,36.41022249461393,37.23150357995227,0.247,14.1,0,77,23,4,17,68.9,7.2,489,243,1152,17.6,88.8,420
"Caminero, Junior",True,0.335,0.354,0.287,0.548,0.511,8.332353534101738,-6.347997395484339,24.576323937669635,49.57446808510638,0.286,18.1,0,98,24,1,41,78.0,8.7,574,274,1150,9.7,92.7,470
"Happ, Ian",False,0.282,0.299,0.289,0.461,0.437,10.32121022733549,-3.459218799661529,33.94151103137278,42.27405247813411,0.244,28.1,0,63,27,2,24,70.2,6.8,477,349,1144,14.7,89.3,343
"Gonzales, Nick",False,0.297,0.313,0.359,0.405,0.398,7.971699790590415,3.130567230838763,36.39564562505216,33.94077448747153,0.313,14.7,0,128,27,1,6,68.7,7.3,517,262,1143,7.5,86.1,441
"Bregman, Alex",False,0.285,0.319,0.273,0.476,0.404,13.428746533782956,-4.188210322791344,28.21846317277451,37.42574257425743,0.273,12.2,0,97,32,2,26,68.2,6.9,575,179,1140,17.6,88.1,505
"Tatis Jr., Fernando",True,0.364,0.335,0.32,0.491,0.527,6.163793081891681,3.4287056285686783,29.558547737123305,53.48360655737705,0.296,16.7,0,115,30,3,25,73.5,7.2,586,297,1137,5.3,92.2,488
"Lopez, Otto",False,0.306,0.323,0.335,0.45,0.429,4.206166099520687,-2.1040270807917603,29.492570859853377,41.13207547169812,0.305,12.4,0,133,32,9,11,69.6,6.7,606,219,1124,8.3,88.6,531
"Young, Cole",False,0.288,0.28,0.273,0.4,0.404,4.794240637890991,0.56773894182715,28.34291599977789,38.209606986899566,0.253,15.5,0,97,19,4,17,69.4,6.8,542,218,1124,13.0,88.1,458
"Rumfield, TJ",False,0.288,0.334,0.333,0.466,0.4,7.737689860081617,-0.4077692355878125,36.32920496712285,27.7027027027027,0.309,13.2,0,112,29,3,15,66.3,6.4,515,215,1122,15.4,84.2,447
"Hoerner, Nico",True,0.297,0.272,0.277,0.362,0.385,4.97925844097728,-0.5380480120743685,32.55007517898402,29.496402877697843,0.267,7.3,0,123,29,1,8,66.8,7.2,604,132,1120,11.8,85.9,560
"Rice, Ben",False,0.357,0.362,0.29,0.575,0.554,12.794364010426335,-3.7068965945246433,34.40781854282447,48.12967581047381,0.283,21.2,0,79,22,4,39,70.8,7.7,509,277,1117,14.4,91.9,401
"Burger, Jake",False,0.299,0.301,0.277,0.461,0.46,8.71279425660914,-5.550710085380224,25.710725485433844,46.66666666666666,0.248,24.4,0,74,23,0,27,73.7,7.4,499,381,1115,14.0,90.2,377
"Goodman, Hunter",True,0.299,0.34,0.286,0.555,0.475,13.79334608352628,-5.132887190091663,24.18376209106123,45.37037037037037,0.255,31.2,0,61,19,2,39,73.6,7.3,474,385,1113,18.2,90.0,326
"Duran, Jarren",True,0.278,0.247,0.249,0.376,0.403,4.984442358135408,-0.961403177794378,27.91433880516016,40.46997389033943,0.209,27.2,0,70,15,5,20,72.8,7.5,529,375,1111,12.1,88.7,385
"Tovar, Ezequiel",True,0.255,0.239,0.267,0.346,0.373,9.230381948081224,-1.2193507434840196,35.28494915793309,33.03030303030303,0.216,26.0,0,63,22,0,11,69.8,7.4,447,326,1104,17.3,85.8,331
"Raleigh, Cal",False,0.272,0.256,0.22,0.411,0.437,16.595780340911876,-4.864255454792914,34.00375027913332,38.98916967509025,0.197,30.9,0,41,15,0,23,72.6,7.8,401,352,1102,25.0,89.9,277
"Greene, Riley",True,0.353,0.349,0.368,0.517,0.544,14.111330238305964,0.7138310557712723,44.395949447170985,46.97406340057637,0.302,25.7,0,87,31,2,21,74.1,7.2,467,331,1102,17.6,90.2,347
"Dingler, Dillon",True,0.328,0.312,0.272,0.481,0.494,12.229282719941102,-2.3443428759313254,39.62170335642315,42.46913580246914,0.257,19.9,0,75,26,2,27,70.3,7.5,508,245,1096,17.6,88.6,405
"Rocchio, Brayan",True,0.264,0.277,0.274,0.39,0.36,8.264162217953476,-4.641295171721418,28.81561356537804,30.454545454545457,0.255,13.5,0,90,24,2,13,68.0,7.2,511,243,1095,12.3,85.8,442
"Alvarez, Yordan",True,0.427,0.408,0.331,0.635,0.677,8.037331857134452,-4.404441004923397,36.59420599508887,53.596287703016245,0.33,15.9,0,97,32,1,40,74.9,7.6,515,217,1094,18.8,94.2,433
"Smith, Cam",False,0.296,0.266,0.245,0.413,0.447,9.106846950836564,-5.474037643482328,32.43236754304486,43.90934844192634,0.219,23.8,0,60,16,6,20,75.8,7.6,467,315,1090,12.2,88.6,355
"Meidroth, Chase",True,0.263,0.304,0.33,0.425,0.361,10.645199102868384,4.685177402837179,30.56773819584509,34.91686460807601,0.281,20.3,0,104,29,0,15,64.1,6.5,531,214,1090,7.8,85.7,423
"Witt Jr., Bobby",True,0.357,0.321,0.316,0.46,0.522,4.395810850545079,-0.121772753891747,27.908763781951244,50.467289719626166,0.289,15.9,0,100,30,1,18,72.2,6.9,515,268,1081,16.5,92.1,433
"Clemens, Kody",True,0.315,0.309,0.262,0.484,0.474,11.117039157404337,-1.681561854653905,28.22193254851681,46.01542416452442,0.247,20.5,0,66,22,7,26,70.3,7.1,492,264,1080,15.1,91.2,391
"Perdomo, Geraldo",False,0.276,0.28,0.283,0.387,0.364,5.260309843467407,-1.423926574203977,38.35405447664919,30.720338983050848,0.266,10.2,0,103,19,7,9,63.5,6.7,528,129,1079,13.8,85.2,474
"McCarthy, Jake",False,0.309,0.344,0.332,0.506,0.431,7.172751033619895,-2.7963714021388206,32.43522071562448,28.44243792325056,0.304,14.1,0,98,30,13,15,67.6,6.8,518,226,1077,10.2,82.7,444
"Clement, Ernie",True,0.243,0.274,0.277,0.374,0.322,11.284168792483566,-4.5852080634060375,30.19843309739708,20.384615384615383,0.263,9.2,0,109,32,1,9,64.9,7.1,574,164,1071,17.3,83.8,521
"Marsh, Brandon",False,0.291,0.299,0.322,0.426,0.421,8.24273358202903,0.160841111976738,37.30548527165826,42.85714285714285,0.271,23.0,0,95,19,2,17,69.7,7.1,492,268,1069,12.5,88.7,379
"Arenado, Nolan",True,0.256,0.307,0.267,0.469,0.365,11.79258259237812,-11.046844078789483,32.387965915633835,30.65326633165829,0.253,20.0,0,75,23,1,27,69.1,8.3,499,258,1066,19.0,85.0,398
"Naylor, Josh",False,0.291,0.281,0.294,0.37,0.397,6.634742488225449,-5.663020898925242,29.38197522345945,35.9437751004016,0.275,10.7,0,122,22,0,10,67.9,7.4,560,181,1065,10.2,86.8,499
"Torkelson, Spencer",True,0.275,0.296,0.304,0.454,0.424,14.34671482706227,-7.126349338000999,37.35487712424947,41.94528875379939,0.244,31.3,0,66,27,0,24,71.5,7.7,480,340,1064,20.0,89.5,330
"Varsho, Daulton",False,0.258,0.256,0.26,0.368,0.367,8.945524717796372,-0.571612111154871,28.19726435975361,36.507936507936506,0.229,19.2,0,69,23,3,12,71.0,7.6,468,232,1061,16.1,86.1,378
"Pages, Andy",True,0.317,0.325,0.305,0.481,0.46,5.714227414500098,-1.6159473992960347,39.94540434059509,42.19948849104859,0.282,17.7,0,86,25,2,21,70.9,7.6,475,233,1061,15.6,88.9,391
"Ohtani, Shohei",False,0.384,0.361,0.327,0.561,0.596,12.508699299618849,1.5367978550413195,37.40049757008089,51.657458563535904,0.294,23.0,0,80,25,4,30,73.0,7.8,474,333,1058,12.2,93.2,363
"Jensen, Carter",True,0.281,0.312,0.288,0.491,0.437,6.185717374899385,-3.4451594139565733,26.69764872525897,44.668587896253605,0.249,26.6,0,58,33,2,25,71.6,7.0,474,315,1058,20.3,91.2,348
"Giménez, Andrés",False,0.251,0.261,0.281,0.363,0.338,7.233276278989593,2.0761452879120044,32.641322130331176,24.932249322493224,0.244,18.3,0,77,23,1,9,64.7,6.7,453,259,1058,12.5,84.1,370
"Suzuki, Seiya",True,0.321,0.353,0.325,0.53,0.48,7.799440352635332,-2.96334124077826,32.37803318890612,39.31398416886543,0.299,19.2,0,84,30,1,25,71.1,7.1,469,249,1053,17.9,88.7,379
"Marte, Ketel",False,0.326,0.303,0.257,0.456,0.477,8.600343886628732,-7.054665882627227,31.53515121829612,42.290748898678416,0.258,12.1,0,80,29,3,22,73.4,7.6,520,208,1050,14.5,90.0,457
"Contreras, William",True,0.313,0.309,0.292,0.444,0.467,8.216394139088509,1.1772049882007871,27.32363483293282,44.53961456102783,0.281,12.1,0,103,27,1,18,71.5,7.2,531,216,1043,13.2,90.4,467
"Trout, Mike",True,0.347,0.314,0.31,0.467,0.538,5.755029528112916,0.1057000172214438,35.75698212977225,45.40059347181009,0.267,24.2,0,73,25,0,21,72.5,7.4,446,265,1041,17.7,89.9,337
"Caglianone, Jac",True,0.352,0.349,0.35,0.517,0.532,8.88346506992956,-0.7939324824159164,30.599887385344893,54.54545454545454,0.299,23.6,0,86,27,2,23,75.3,7.8,461,302,1031,7.8,93.2,352
"France, Ty",False,0.3,0.352,0.344,0.531,0.445,10.463444407710492,6.017309293941514,34.37372421093828,48.466257668711656,0.302,21.8,0,79,24,2,21,70.2,7.5,418,282,1027,14.4,92.0,326
"Bohm, Alec",False,0.307,0.287,0.273,0.407,0.436,4.1588533036730935,6.331781170662117,29.90010797783154,43.87096774193549,0.261,11.7,0,94,28,1,15,69.9,7.1,528,168,1022,8.6,90.5,466
"De La Cruz, Elly",True,0.379,0.384,0.363,0.584,0.572,7.893214633847192,2.04889785645266,33.89648301648088,54.52054794520548,0.321,21.8,0,91,29,5,28,74.5,7.1,476,285,1019,9.7,94.7,372
"Castro, Willi",False,0.282,0.307,0.336,0.443,0.414,8.224643966565928,-2.426986358085583,37.155447456140585,40.13377926421405,0.274,25.7,0,75,20,1,15,70.9,7.2,405,313,1017,17.1,86.9,301
"McNeil, Jeff",False,0.275,0.276,0.286,0.371,0.365,5.952906032051609,-1.3319340751077868,34.95957164555288,30.22113022113022,0.267,11.1,0,92,22,0,8,67.0,7.2,459,158,1016,14.5,86.2,407
"García Jr., Luis",False,0.342,0.358,0.291,0.553,0.515,10.342001090934753,-1.6827386910792654,27.64177506139584,47.05882352941176,0.291,15.3,0,80,26,5,30,72.9,7.4,485,210,1014,11.3,91.4,411
"Lee, Jung Hoo",False,0.299,0.301,0.292,0.418,0.395,3.3244021947299776,-3.132184805066473,38.64022939089562,31.54639175257732,0.283,7.6,0,104,31,4,10,66.7,7.6,526,127,1013,11.0,87.2,486
"Stott, Bryson",False,0.296,0.282,0.287,0.403,0.418,9.098886189800115,0.850901322810846,30.849771193841868,37.11583924349882,0.257,15.5,0,82,30,6,10,68.0,7.1,503,193,1013,14.1,88.7,425
"Guerrero Jr., Vladimir",False,0.306,0.277,0.29,0.372,0.419,0.7317668090542109,-2.378828836164528,28.183367216097963,44.63894967177243,0.269,11.6,0,106,24,0,9,74.9,7.5,517,204,1011,8.3,90.5,457
"Chourio, Jackson",True,0.333,0.35,0.34,0.515,0.504,8.910823087857578,4.178291991032337,27.820698294068148,47.07446808510639,0.304,20.5,0,93,27,0,24,72.5,7.3,474,255,1007,12.0,91.7,377
"Edwards, Xavier",False,0.273,0.291,0.32,0.386,0.369,4.373950380802417,-0.3838797020104504,30.123708822548643,28.37837837837838,0.288,12.4,0,116,17,6,6,65.7,6.3,507,177,1007,8.3,85.4,444
"Contreras, Willson",False,0.336,0.356,0.333,0.55,0.516,10.09960847779158,-5.590796058498262,33.96324007123764,44.26751592356688,0.291,25.5,0,72,21,3,27,74.6,7.8,424,308,1006,18.0,89.6,316
"Wetherholt, JJ",False,0.316,0.28,0.267,0.393,0.466,10.86694320620041,6.708191400103505,32.66637958989464,44.73684210526316,0.257,13.4,0,94,14,0,17,69.8,7.4,486,200,999,11.3,89.7,421
"Stowers, Kyle",False,0.293,0.306,0.324,0.472,0.453,14.066850492153996,-1.2055008748699223,34.1687117507439,56.38297872340425,0.251,32.2,0,55,26,4,19,73.2,6.7,416,356,996,18.0,92.2,282
"Muncy, Max",True,0.316,0.338,0.299,0.527,0.495,15.98576120967917,-4.467281780297854,34.33545444304053,45.99406528189911,0.269,24.9,0,65,26,1,29,69.6,6.9,449,290,992,17.3,90.0,337
"Butler, Lawrence",False,0.3,0.287,0.286,0.423,0.432,5.037266731814077,5.178702211881179,31.35226873808278,44.72843450479233,0.249,23.2,0,67,17,1,17,71.6,6.9,410,268,988,7.4,89.3,315
"Semien, Marcus",True,0.274,0.248,0.246,0.354,0.392,14.26386792566338,-2.372665558015797,34.14923861077028,33.50923482849604,0.225,17.7,0,75,14,1,14,66.4,7.7,463,226,978,18.9,86.3,381
"Mangum, Jake",False,0.265,0.295,0.34,0.388,0.352,2.866881465698279,9.959340227629667,31.384066980536065,28.14371257485029,0.291,16.7,0,91,19,2,5,64.8,6.5,406,206,977,2.5,83.5,338
"Lewis, Royce",True,0.282,0.268,0.279,0.396,0.41,10.891345405843932,-9.270494858605096,26.22221220052521,40.30769230769231,0.234,24.5,0,62,24,1,14,72.8,8.0,432,315,970,20.3,89.5,326
"Chisholm Jr., Jazz",False,0.267,0.287,0.3,0.431,0.395,14.491326777679069,-7.250035596447252,31.721054296090585,42.765273311897104,0.245,28.4,0,69,16,3,19,70.7,7.8,436,299,968,15.0,89.2,312
"Bellinger, Cody",False,0.309,0.313,0.295,0.455,0.434,13.13290972684336,-0.1339039631223934,34.198483889084706,38.095238095238095,0.279,13.7,0,86,25,3,16,68.3,7.8,466,193,961,17.5,89.2,402
"Church, Nathan",True,0.27,0.276,0.284,0.386,0.374,3.863249147903507,0.9552439191853804,32.27088729326701,30.057803468208093,0.257,15.4,0,77,16,2,10,66.9,6.9,409,195,960,12.3,83.9,346
"Ramírez, José",False,0.292,0.266,0.251,0.385,0.407,8.989963851291176,-8.116981807185079,31.181320116178743,38.107416879795394,0.239,12.7,0,68,27,0,12,68.7,7.2,449,148,956,19.5,88.5,391
"Moreno, Gabriel",False,0.326,0.342,0.336,0.495,0.463,7.969931063449652,3.066470898584032,34.52559623946131,41.77545691906005,0.31,14.5,0,91,32,1,15,69.9,7.0,449,148,954,12.6,89.2,384
"Durbin, Caleb",False,0.257,0.292,0.277,0.413,0.339,8.102252867211304,-0.4228074975804678,29.77332219169959,25.355450236966824,0.268,10.4,0,86,25,1,13,66.3,6.8,473,155,954,11.7,81.6,424
"Bleday, JJ",False,0.303,0.286,0.235,0.446,0.451,13.28557821385136,-8.454214084030035,32.49861024349793,40.06024096385542,0.23,20.3,0,55,16,2,23,71.3,7.2,419,257,953,22.9,88.2,333
"Adames, Willy",False,0.279,0.296,0.281,0.452,0.417,14.994814949601906,-3.2915441106009187,33.561642112002694,38.95705521472393,0.245,25.2,0,60,25,1,21,70.6,8.1,437,275,952,22.8,87.4,327
"Springer, George",False,0.271,0.292,0.28,0.425,0.391,9.137634219003226,2.2923923929697345,33.7333462015711,37.95013850415512,0.258,16.6,0,72,22,2,15,70.5,7.4,433,222,952,12.7,88.5,358
"Bogaerts, Xander",True,0.281,0.256,0.264,0.357,0.394,9.93159149169162,-3.979884282095118,32.44417341421386,41.9753086419753,0.238,16.6,0,85,18,1,12,70.1,7.2,487,220,951,6.8,89.4,406
"Altuve, Jose",True,0.255,0.3,0.286,0.434,0.354,12.922444860549437,-1.2044711557142014,27.956362681228725,31.806615776081426,0.267,15.1,0,82,24,2,16,65.7,7.5,465,205,947,10.0,84.5,395
"Wood, James",False,0.403,0.371,0.338,0.582,0.638,9.914934406356917,2.3427077908690497,39.48934445162351,58.58895705521472,0.297,25.4,0,69,30,1,30,74.0,7.3,437,283,946,8.8,95.2,326
"Keaschall, Luke",True,0.272,0.3,0.314,0.407,0.377,10.160004008334967,-3.59962044090532,37.3642510482845,29.13752913752914,0.289,12.0,0,105,26,1,9,66.6,6.6,490,160,944,17.4,84.9,431
"Mullins, Cedric",False,0.221,0.239,0.223,0.354,0.323,10.628929357155796,-7.468073671026905,30.35419667194849,31.47058823529412,0.208,18.2,0,58,10,3,14,67.4,7.2,417,208,942,21.9,84.6,338
"Murakami, Munetaka",False,0.299,0.313,0.261,0.518,0.494,18.6983112376384,1.1753860872289954,36.06923222029855,55.14403292181071,0.226,36.9,0,40,14,1,32,72.5,7.8,385,400,940,15.4,93.5,243
"Marsee, Jakob",False,0.266,0.278,0.283,0.394,0.364,5.387105024814559,-6.228089572952012,32.47662652086631,35.170603674540686,0.253,16.7,0,79,19,6,11,66.5,6.5,461,168,934,15.7,85.5,384
"Peña, Jeremy",False,0.305,0.326,0.325,0.483,0.438,11.919007195142786,-6.652246564423303,30.941261295879578,39.36507936507937,0.28,23.9,0,75,19,2,20,70.7,7.4,414,293,925,12.8,88.5,315
"Bauers, Jake",False,0.346,0.358,0.336,0.547,0.529,9.977224133967477,0.3152661710195937,34.69382105245648,53.07443365695793,0.295,24.5,0,73,21,2,26,74.3,7.6,413,268,923,12.1,92.2,312
"Peters, Tristan",False,0.283,0.322,0.317,0.471,0.403,11.26904954796214,-4.209316690518343,30.763830509344853,33.82789317507419,0.283,17.0,0,67,31,4,12,65.9,6.7,407,216,919,15.2,84.0,338
"Simpson, Chandler",False,0.255,0.301,0.333,0.372,0.311,2.56156479488319,1.0982324641369108,29.18175312221693,13.5755258126195,0.317,4.9,0,150,16,6,0,60.9,6.3,552,95,917,-1.7,80.6,525
"Yelich, Christian",False,0.28,0.275,0.309,0.397,0.405,10.506765758633954,9.071783336540314,36.87182423553195,43.70860927152318,0.246,26.3,0,65,23,2,11,71.2,7.5,411,269,916,3.6,88.4,303
"Canzone, Dominic",True,0.344,0.339,0.294,0.521,0.524,12.480845616532962,-0.781425136714577,32.17902935489502,45.11494252873563,0.279,17.7,0,65,27,4,22,72.7,7.3,423,245,908,10.5,91.2,348
"Nuñez, Nasim",False,0.229,0.21,0.269,0.258,0.291,2.664386022978092,5.023012036125954,32.116264085150576,21.45015105740181,0.221,17.9,0,79,5,3,1,64.6,6.5,407,195,908,6.7,82.0,334
"Kwan, Steven",False,0.284,0.288,0.31,0.366,0.363,0.4311242909801812,0.3598631891919376,36.35556446711093,10.300429184549357,0.295,6.2,0,120,21,2,3,60.1,6.0,499,76,908,11.8,82.1,468
"Baty, Brett",False,0.295,0.278,0.306,0.398,0.435,10.147424817876637,2.778745359584397,37.4613849569848,41.522491349480966,0.252,23.5,0,63,21,1,10,73.2,7.4,378,266,899,12.7,90.2,288
"Caballero, José",False,0.261,0.275,0.281,0.396,0.361,8.493181115437995,-0.8405790154680508,31.17988618589681,26.07260726072608,0.247,21.3,0,67,13,0,14,64.8,6.6,385,250,899,12.1,81.0,303
"Suárez, Eugenio",False,0.273,0.301,0.269,0.478,0.414,17.43136941099306,-3.110177104678069,39.13380491738245,36.36363636363637,0.235,30.5,0,46,17,0,24,69.6,7.7,371,303,898,21.2,88.4,258
"Taveras, Leody",True,0.245,0.258,0.285,0.368,0.34,4.651809374745999,-8.893908764659905,33.81482983778461,33.006535947712415,0.233,22.8,0,61,16,6,8,68.1,7.1,399,220,897,12.0,84.0,308
"Mitchell, Garrett",False,0.35,0.339,0.391,0.488,0.515,8.108749397117288,7.063396355327792,30.56698736527921,52.816901408450704,0.303,26.8,0,72,30,4,11,75.6,7.2,388,320,894,2.3,93.0,284
"Antonacci, Sam",False,0.299,0.297,0.311,0.409,0.408,6.613548424315997,8.715430198147228,38.650320336053454,32.98429319371728,0.281,13.7,0,88,24,4,8,67.7,6.5,445,133,892,9.4,87.0,384
"Acuña Jr., Ronald",True,0.333,0.318,0.298,0.48,0.513,9.89231527233698,5.977301777675282,37.32318218728198,44.06779661016949,0.267,22.8,0,63,18,1,20,73.2,7.5,382,261,891,16.0,89.6,295
"Hernández, Teoscar",False,0.312,0.31,0.344,0.446,0.459,10.127125555510776,2.084105654954504,33.22696141843185,45.608108108108105,0.279,26.1,0,78,17,2,15,70.8,7.7,402,288,884,13.7,90.3,297
"Benintendi, Andrew",False,0.289,0.294,0.289,0.439,0.424,15.368062202396152,-4.29643312567458,30.80296664255873,45.42483660130719,0.254,21.0,0,59,24,2,14,68.0,7.0,391,247,884,17.5,88.9,309
"Bazzana, Travis",False,0.261,0.293,0.283,0.432,0.371,9.251118112516233,0.0806710619667889,33.62390299832102,36.63663663663664,0.257,18.4,0,68,20,2,15,66.8,6.9,408,209,880,14.9,87.3,333
"DeLauter, Chase",True,0.32,0.337,0.319,0.482,0.45,3.967995864199557,1.7095146025650203,29.135866932649368,46.25,0.305,11.5,0,92,28,3,15,69.5,7.1,453,130,873,11.6,91.4,401
"Moniak, Mickey",False,0.26,0.312,0.279,0.501,0.4,13.53662920763546,-5.98378851486126,33.52165968093708,41.19718309859155,0.246,26.4,0,50,17,6,22,72.8,7.8,386,265,871,21.5,89.6,284
"Crawford, Justin",False,0.267,0.282,0.317,0.377,0.344,1.6901883542845475,10.868328397869131,28.84380841497108,35.60830860534125,0.276,14.4,0,81,19,5,3,66.5,6.8,397,155,866,0.7,85.3,340
"Hernández, Heriberto",False,0.327,0.306,0.268,0.475,0.507,13.133211670567194,-1.5648782796908431,26.722017728275603,46.95945945945946,0.246,25.1,0,56,16,1,24,72.1,7.7,395,283,863,13.2,91.1,296
"Ward, Taylor",True,0.29,0.259,0.285,0.35,0.407,5.88688682106016,1.36113720636239,30.934891729680785,38.25136612021858,0.25,16.4,0,82,20,1,7,66.6,6.8,440,169,862,14.7,88.7,368
"Lindor, Francisco",False,0.294,0.286,0.241,0.441,0.447,13.24390264684082,-3.2692964612053,33.67879782344625,48.837209302325576,0.232,20.3,0,53,11,4,20,70.9,7.5,379,215,858,19.1,91.2,302
"Winn, Masyn",True,0.266,0.251,0.293,0.338,0.35,5.161354625101081,1.2468926004763077,28.08915028302295,34.831460674157306,0.244,19.2,0,81,20,2,5,69.6,7.2,442,199,855,11.1,87.9,357
"Swanson, Dansby",False,0.275,0.281,0.247,0.436,0.414,14.550458513021187,-3.2739151529351065,34.703086179297955,41.69381107491857,0.23,21.6,0,52,16,3,19,69.7,7.5,393,258,854,15.8,89.5,308
"Ewing, A.J.",True,0.304,0.295,0.332,0.411,0.432,7.882117625871534,-0.4029409908193225,36.84542352847641,42.29508196721312,0.276,21.9,0,77,19,1,10,67.6,6.3,392,207,851,10.2,88.4,306
"Vargas, Ildemaro",True,0.28,0.28,0.266,0.39,0.374,5.170645712566817,-5.275808368942029,22.82341962484632,34.82587064676617,0.26,8.0,0,80,19,5,9,68.5,7.3,437,126,850,10.3,86.7,401
"Lukes, Nathan",False,0.268,0.298,0.303,0.405,0.359,4.5778223623255325,8.98950478426548,30.132441203925087,28.783382789317507,0.285,12.0,0,83,14,0,10,65.0,6.2,383,137,843,7.4,85.0,337
"McLain, Matt",False,0.267,0.237,0.227,0.361,0.398,10.1283038435605,1.1123175115008643,31.158998439680392,36.80555555555556,0.197,26.0,0,44,18,0,15,69.1,6.8,393,240,841,19.5,86.3,291
"Langeliers, Shea",False,0.354,0.344,0.297,0.523,0.547,11.150079645918437,-0.5295355835118275,31.09905490507607,44.14715719063545,0.284,19.2,0,63,19,0,23,74.0,7.2,370,240,841,18.6,91.5,299
"Johnston, Troy",True,0.288,0.298,0.34,0.408,0.389,9.138963440795424,0.4078657317731241,34.143488561036094,37.29903536977492,0.285,18.0,0,73,31,1,4,68.6,6.6,383,204,838,12.6,89.2,314
"Grissom, Vaughn",False,0.279,0.275,0.266,0.401,0.395,7.932662319980788,-0.0615581983953207,34.79692364681918,35.714285714285715,0.244,16.8,0,60,22,0,12,68.8,7.1,387,188,836,12.2,87.1,321
"Langford, Wyatt",False,0.297,0.319,0.285,0.48,0.438,12.306934070038412,-4.988901140805058,31.164780078876245,37.11340206185567,0.268,17.8,0,56,20,2,17,71.0,6.8,354,207,835,20.1,88.9,291
"Bolte, Henry",False,0.293,0.317,0.374,0.436,0.411,5.925874448309647,6.58640473720716,32.849258194138784,48.1203007518797,0.299,25.3,0,81,13,1,11,74.8,7.5,356,277,834,0.2,90.3,266
"Pasquantino, Vinnie",False,0.307,0.294,0.263,0.434,0.457,10.586147372957594,-7.994920468592614,29.159988892907567,42.24924012158054,0.258,12.2,0,63,18,2,14,68.9,7.2,376,128,834,20.2,89.8,330
"Ramos, Heliot",False,0.311,0.292,0.309,0.43,0.466,6.705436115338893,7.336474321439537,33.32495414116599,49.24812030075188,0.253,26.1,0,57,19,3,13,71.1,6.7,364,244,831,6.4,92.1,269
"Massey, Michael",False,0.293,0.309,0.302,0.446,0.421,14.46912084846342,-0.4831891105929869,33.76451886309204,39.7626112759644,0.277,15.8,0,72,24,1,13,69.9,7.0,400,166,830,14.1,88.3,337
"Sanoja, Javier",False,0.275,0.326,0.3,0.463,0.362,4.43385687257105,-6.035832648805301,22.47160316525741,32.5,0.296,6.7,0,81,31,5,10,67.5,7.3,430,100,825,11.6,86.3,401
"Mayo, Coby",False,0.325,0.318,0.275,0.507,0.518,13.151656827776122,-14.454914316916254,38.756120727324976,48.10606060606061,0.246,27.9,0,46,17,3,24,74.0,7.3,366,247,825,19.0,91.4,264
"Stephenson, Tyler",True,0.309,0.306,0.312,0.453,0.473,12.170786823480393,1.0933531996039791,37.57392136565915,45.289855072463766,0.267,23.4,0,62,21,0,15,68.8,7.3,367,219,825,18.3,91.0,281
"Realmuto, J.T.",False,0.29,0.247,0.248,0.359,0.411,11.843601812836432,0.106596131588037,32.7402875427609,40.26402640264026,0.22,20.2,0,55,18,0,11,71.4,7.4,382,202,824,11.9,89.4,305
"Pederson, Joc",False,0.307,0.318,0.249,0.51,0.466,8.751524261970374,-1.4990343466360323,28.21013903236576,50.72463768115942,0.244,23.5,0,48,12,2,26,70.2,7.4,361,243,811,16.0,91.9,275
"Eldridge, Bryce",False,0.333,0.336,0.344,0.499,0.505,11.1421562394902,-3.102823170206216,37.60657620061058,52.41635687732342,0.289,25.0,0,64,23,0,17,71.9,7.3,360,220,811,13.7,92.7,270
"Hicks, Liam",False,0.279,0.321,0.288,0.456,0.371,6.270134569488399,-4.880321313013543,31.99759358087184,26.98795180722892,0.293,8.0,0,99,14,1,18,66.2,6.7,451,91,809,14.4,84.1,415
"Karros, Kyle",False,0.313,0.314,0.306,0.458,0.448,6.701810004423027,-6.092745492069096,37.84139182415056,40.80267558528429,0.279,16.4,0,64,21,3,12,67.9,6.9,359,193,806,13.0,89.3,300
"Collins, Isaac",True,0.252,0.256,0.279,0.362,0.335,2.940269369669162,-5.123285443037261,28.38722346660471,39.25233644859813,0.237,18.9,0,60,24,3,6,70.1,6.6,396,174,804,15.5,87.0,321
"Soderstrom, Tyler",False,0.302,0.328,0.272,0.511,0.445,9.823215436810358,-0.3860770685596735,28.618316901549303,45.57377049180328,0.264,16.6,0,48,27,3,19,72.5,7.4,367,183,798,11.1,90.7,306
"Kurtz, Nick",False,0.345,0.354,0.363,0.543,0.544,11.652436749692116,5.734904929045445,37.697691375140245,57.345971563981045,0.288,32.6,0,53,15,1,21,76.4,7.7,313,294,797,11.8,93.1,211
"Crews, Dylan",True,0.295,0.266,0.269,0.389,0.439,8.331693083691029,-1.8691358878919613,28.27684954786308,43.26241134751773,0.232,22.7,0,53,19,1,12,71.9,7.5,366,239,795,13.3,90.0,283
"Buxton, Byron",False,0.328,0.341,0.279,0.54,0.516,13.28609246486695,-7.415133974295135,34.492729473262344,46.86346863468634,0.267,22.7,0,50,18,1,25,72.5,7.9,352,247,790,20.3,90.2,272
"Lowe, Nathaniel",True,0.317,0.312,0.295,0.474,0.464,7.571848870878377,4.816777952886821,29.1718387449564,42.49084249084249,0.263,22.1,0,55,22,0,17,72.7,7.5,357,173,789,14.6,89.4,278
"Seager, Corey",False,0.321,0.289,0.26,0.443,0.501,14.077457059350111,4.0287812131519,33.59740149111907,47.76119402985074,0.239,23.0,0,49,16,0,18,69.9,6.6,348,260,787,12.6,91.7,268
"Lowe, Josh",False,0.261,0.252,0.265,0.376,0.393,9.88608057646477,-2.431717836402693,37.645553730387725,37.4384236453202,0.215,30.2,0,40,10,0,12,70.7,7.3,291,246,781,17.2,87.4,203
"Schmitt, Casey",True,0.354,0.333,0.291,0.504,0.534,8.535597856787883,-5.756945735558709,33.38144914434457,44.98381877022653,0.28,17.3,0,66,17,1,21,70.5,7.4,375,167,780,21.5,89.9,310
"Martínez, Angel",True,0.301,0.324,0.289,0.493,0.437,9.786227835416504,-6.629805740742664,34.63808850010439,35.66433566433567,0.269,18.8,0,52,22,2,17,68.9,7.2,352,160,775,14.2,86.1,286
"O'Hearn, Ryan",False,0.294,0.319,0.302,0.47,0.422,11.506184840660206,0.0588586529973536,31.841939533453328,42.22972972972973,0.278,19.3,0,69,15,0,18,68.9,7.1,367,174,774,13.7,89.1,296
"McKinstry, Zach",False,0.24,0.22,0.236,0.306,0.319,6.610753643825861,1.4500137509993365,37.60413177937348,22.11221122112212,0.207,16.1,0,51,15,4,4,65.9,6.5,361,131,771,14.0,85.0,303
"Grisham, Trent",False,0.317,0.284,0.222,0.44,0.478,12.963250572416465,-0.3575230306064075,28.41311286878309,45.34534534534534,0.232,12.1,0,49,19,2,18,69.0,7.3,380,140,768,17.5,90.6,333
"Peraza, Oswald",True,0.254,0.257,0.311,0.356,0.353,4.95686928107895,-0.7582087672097112,28.153147156369705,36.24454148471616,0.239,27.9,0,55,12,2,7,70.0,7.4,319,232,768,7.8,86.4,230
"Sheets, Gavin",False,0.274,0.269,0.229,0.411,0.401,7.436062359119793,-5.202387339117267,28.25880071380968,38.68613138686132,0.222,18.9,0,44,15,0,16,72.1,7.6,338,161,768,12.8,87.4,274
"Basallo, Samuel",True,0.297,0.279,0.259,0.426,0.461,10.81187302426369,-2.1816822759325483,33.543430133990654,42.96875,0.231,25.7,0,51,10,1,18,72.2,7.5,346,240,765,11.4,90.4,257
"Alvarez, Francisco",False,0.3,0.294,0.306,0.436,0.462,10.030172608950222,1.188902144710588,28.73126448200665,46.61016949152542,0.252,28.4,0,55,12,0,16,72.5,7.2,331,268,762,10.1,90.4,235
"Crawford, J.P.",True,0.28,0.269,0.256,0.387,0.397,4.520602768373541,0.5093504567388036,33.330069645170106,34.65346534653465,0.242,16.0,0,62,12,0,13,68.9,7.2,362,129,761,12.5,86.9,304
"Betts, Mookie",False,0.322,0.319,0.252,0.476,0.459,7.376115553523146,-4.344172320014818,33.16056880858271,38.70967741935484,0.271,7.6,0,73,23,0,22,67.5,6.9,436,91,756,18.2,90.4,403
"Cronenworth, Jake",False,0.234,0.252,0.287,0.341,0.321,6.425521327053609,-0.7113312915867357,30.01605943044565,29.629629629629623,0.239,21.7,0,62,12,1,7,68.3,6.9,346,160,755,10.5,85.0,271
"Larnach, Trevor",False,0.294,0.318,0.309,0.458,0.414,7.152696409056468,-12.320965299413162,33.30961304316335,36.72131147540984,0.282,16.7,0,66,23,1,13,70.2,7.1,366,200,746,13.6,87.6,305
"Jung, Josh",True,0.34,0.351,0.342,0.496,0.482,11.77727621975258,1.451275537227459,36.61230509884248,48.71794871794872,0.322,11.9,0,77,25,1,11,69.0,7.0,354,140,746,12.1,90.6,312
"Schanuel, Nolan",True,0.303,0.296,0.304,0.403,0.406,6.423543952150763,-2.249740846627853,35.31919968393655,32.94117647058823,0.284,10.8,0,79,22,0,7,66.1,6.7,381,122,746,11.9,87.2,340
"Young, Jacob",False,0.291,0.289,0.281,0.413,0.405,10.274114706855794,0.1890596183740533,31.019949115219514,30.86053412462908,0.262,13.3,0,67,21,3,10,66.5,6.9,391,154,738,12.1,86.3,338
"Torres, Gleyber",False,0.285,0.293,0.316,0.396,0.396,7.848975520690312,7.707267339905053,34.73931539227071,32.846715328467155,0.28,16.5,0,71,13,0,8,66.8,7.0,328,163,729,9.1,86.4,274
"Kelly, Carson",False,0.285,0.299,0.298,0.41,0.401,9.193499065039653,-2.471056252944736,32.76099647004901,36.09271523178808,0.28,12.7,0,72,15,0,10,69.4,6.8,346,140,720,13.1,86.8,302
"Cowser, Colton",False,0.289,0.277,0.302,0.403,0.442,13.746999829295394,-3.421332488292447,37.994745771044464,40.74074074074074,0.244,28.9,0,53,8,0,13,71.4,7.4,304,235,719,12.2,87.0,216
"Soto, Juan",False,0.374,0.344,0.266,0.533,0.587,12.396664240959897,1.694988682602014,28.03709792575113,48.8817891373802,0.278,14.9,0,64,11,2,26,70.2,7.0,370,151,718,15.7,92.2,315
"Norby, Connor",True,0.264,0.286,0.338,0.405,0.388,15.496602503152443,5.148074601283724,39.41198799284792,36.15023474178404,0.259,27.9,0,48,22,0,7,68.9,7.0,297,210,716,18.4,87.2,214
"Wells, Austin",False,0.263,0.238,0.222,0.357,0.391,13.385361735530015,-5.431165336561728,32.76431766722828,43.04347826086957,0.202,24.1,0,41,7,0,13,70.7,7.5,303,199,716,20.5,88.8,230
"Cruz, Oneil",False,0.357,0.382,0.398,0.568,0.553,6.903214965234202,-5.277690896785057,33.341377841169056,53.88127853881278,0.325,28.2,0,66,13,1,20,75.9,7.5,308,254,710,5.5,94.1,221
"Yastrzemski, Mike",False,0.287,0.291,0.281,0.43,0.406,10.607462962656257,-2.726581471943592,31.59401989249853,42.91338582677165,0.252,20.1,0,49,18,1,12,69.3,7.4,318,163,706,14.4,89.7,254
"Goldschmidt, Paul",False,0.301,0.324,0.285,0.49,0.451,10.876897659148256,4.265705337898155,32.44901919811849,36.36363636363637,0.271,19.4,0,54,12,1,18,69.9,7.5,314,185,705,14.7,86.7,253
"Keith, Colt",False,0.318,0.304,0.305,0.435,0.452,9.8575636410132,-0.8094858990485267,32.04758738453606,42.19269102990033,0.274,16.3,0,66,19,4,10,70.4,6.8,361,157,704,13.3,88.7,302
