name,uid,x1,y1,x2,y2,x3,y3,x4,y4,x5,y5,x6,y6,x7,y7,x8,y8,scissor_kick,scissor_kick_l,scissor_kick_r
"Devers, Rafael",b646240_l,196.58581002433067,196.96560447688563,54.64750832116793,281.83913401459864,100.10429644768872,46.52397177615573,52.13634861313864,273.18174384428227,,,,,,,,,False,,
"Crow-Armstrong, Pete",b691718_l,74.6419232862645,164.67815804878052,70.70130320924272,349.32327722721453,58.95602382541718,77.2590983311938,71.44661874197689,316.6159207188704,,,,,,,,,False,,
"Rodríguez, Julio",b677594_r,133.5936588387098,299.4196323096774,138.69178714838708,133.80985249032258,136.78418828387103,276.7988727741936,138.52630503225808,27.84030988387096,,,,,,,,,False,,
"Greene, Riley",b682985_l,86.85653162612051,171.17012691421257,66.62375907810504,326.6275159026889,55.04984276568497,94.58276650448148,80.4658421510884,306.2908072727273,,,,,,,,,True,,
"Castellanos, Nick",b592206_r,146.81099145118742,335.2364474934037,109.81541445910298,190.8551134564644,136.040367282322,318.3671535620053,132.4397336147757,123.37475736147752,,,,,,,,,False,,
"Olson, Matt",b621566_l,99.79103267973862,177.46588862745097,70.19234990849681,350.7149914771242,72.72303288888895,68.71675921568622,84.09448805228749,303.81118724183017,,,,,,,,,True,,
"Chourio, Jackson",b694192_r,140.3476670507545,332.398337229081,144.69241327846356,114.14475610425237,120.36232801097388,312.02202951989034,134.43080888888886,79.40023923182437,,,,,,,,,True,,
"Machado, Manny",b592518_r,155.6688004371586,299.10152983606554,55.74450076502745,173.51177202185795,134.46927562841552,271.7032384699454,128.3461363934427,53.43793267759567,,,,,,,,,False,,
"Duran, Jarren",b680776_l,105.13365273991664,223.1123042002782,98.9103390264256,349.09056200278167,80.28635460361623,43.82922681502089,113.19516283727408,304.0476644228095,,,,,,,,,True,,
"Riley, Austin",b663586_r,167.68588426966292,340.74891932584273,137.93251842696628,178.88083033707866,128.75809123595516,303.0671748314608,143.63092966292126,67.65195977528082,,,,,,,,,True,,
"Story, Trevor",b596115_r,158.73523009681887,323.8476437067773,84.03450710926697,141.17116326417704,125.04329803596124,289.3802715352697,149.82239845089902,53.08682843706795,,,,,,,,,True,,
"Perez, Salvador",b521692_r,165.80025514726515,339.1062570546985,91.88985312762982,180.4767373913044,168.30203713884995,333.1485623562412,145.28083927068718,115.26059534361852,,,,,,,,,False,,
"García, Adolis",b666969_r,170.47241333333335,330.97506177777785,132.90644333333324,166.9791691111111,154.4962308888889,307.4216097777777,160.7322182222223,84.89829866666662,,,,,,,,,False,,
"Alonso, Pete",b624413_r,150.793978262069,321.1941285517242,163.35710079999993,149.11070786206898,154.46399337931038,303.2054909793104,145.60601644137927,61.10038223448274,,,,,,,,,False,,
"Suárez, Eugenio",b553993_r,174.9286139638387,274.28171883171075,124.52094509040342,153.24097602225314,164.3321826981919,252.4226603616134,158.96974308762168,57.96954125173846,,,,,,,,,False,,
"Witt Jr., Bobby",b677951_r,173.92333288515414,337.78951529411773,124.54648089635867,172.61184156862748,141.66900532959326,314.83560347826096,148.96659927068734,95.49809525946706,,,,,,,,,False,,
"Ramos, Heliot",b671218_r,157.9070252719665,321.4004536680614,144.75648781032083,165.21071241283124,140.31882376569047,298.2311828172944,149.8164489818689,70.4603737796374,,,,,,,,,True,,
"Turner, Trea",b607208_r,151.3130414545455,342.40522763636375,151.79800727272738,141.55652945454543,148.31261090909086,330.88050618181825,131.8388421818181,98.4019316363636,,,,,,,,,False,,
"Walker, Christian",b572233_r,164.5288597183098,331.72644281690145,124.02230985915487,195.93175323943663,167.81105577464805,310.1795851267605,163.9433397183098,84.5513976338028,,,,,,,,,False,,
"Judge, Aaron",b592450_r,135.08300477272726,316.4995240909092,121.6528613636364,143.65824863636362,140.9897977809389,304.3340310668564,122.39801217638689,81.84701746799432,,,,,,,,,False,,
"Lowe, Nathaniel",b663993_l,143.58424964539026,161.44127931914895,102.90485174468084,333.0151362269503,80.80947200000013,60.24752385815593,120.49513736170206,290.5566597446808,,,,,,,,,True,,
"Rooker, Brent",b667670_r,167.99353886363636,336.0297786363636,130.94977000000003,187.0849465909091,171.66110772727282,319.0887961363636,139.70243659090914,100.66757954545456,,,,,,,,,False,,
"Pages, Andy",b681624_r,143.3345322238164,336.9699803730272,118.70774404591108,237.20281916786223,128.3956510344828,309.71433839080464,154.3519022988506,102.96965724137922,,,,,,,,,True,,
"Ohtani, Shohei",b660271_l,106.67462643678168,139.97689172413791,75.13327034482765,335.4330990804598,91.52742988505749,109.35479402298851,86.54092275862072,321.1192413793104,,,,,,,,,False,,
"Bichette, Bo",b666182_r,155.3860252211127,323.4120908416548,169.4331672467902,135.53766641940086,146.31228781740373,297.40303201141234,151.17024798858765,110.70267412268186,,,,,,,,,False,,
"Adames, Willy",b642715_r,148.11510706723894,327.1215173676681,143.32118317596576,144.2839052360515,134.461186609442,301.75031416309014,135.70213722460682,77.88446992846929,,,,,,,,,False,,
"Swanson, Dansby",b621020_r,166.2193053602306,335.4748069164266,138.8572889913544,202.4167363688761,137.49171804034597,314.3313012103747,139.81678639769444,118.72108795389047,,,,,,,,,False,,
"Butler, Lawrence",b671732_l,87.00817862068958,142.65154758620685,98.29882505747128,327.10323103448263,95.58621517241389,61.61827701149417,93.64417954022996,306.7939526436781,,,,,,,,,False,,
"Semien, Marcus",b543760_r,159.74780734214374,327.9308043465492,155.51881609397938,158.5212428781204,134.56098044052874,309.25885814977977,165.40037685756252,102.12272093979442,,,,,,,,,True,,
"Arozarena, Randy",b668227_r,165.31562197014918,290.4556191044777,172.73795295522385,179.7850808358209,144.27735331343297,262.9395754029851,171.01890746268666,19.57151307462684,,,,,,,,,True,,
"Rafaela, Ceddanne",b678882_r,158.09507655786356,318.00175406528194,120.20791976261144,188.2109051632048,140.50298587537102,304.1353661721069,154.98291204747775,106.20404439169133,,,,,,,,,True,,
"Vargas, Miguel",b678246_r,160.42728928046975,339.16059301027894,146.3139761527167,176.48521327459622,144.214593362702,314.6585228781204,151.87615271659325,78.58977809104263,,,,,,,,,False,,
"Tucker, Kyle",b663656_l,93.65777809523811,148.8268702380952,86.54287809523811,346.8150966666668,76.92956690476193,96.08216523809529,82.39282000000011,327.1626530952381,,,,,,,,,False,,
"Bellinger, Cody",b641355_l,70.0204622740525,211.5870365014577,47.21657632653064,349.4072482798834,86.09786440875911,129.3279574890511,50.46380543065698,337.7435657810219,,,,,,,,,False,,
"Crawford, J.P.",b641487_l,154.7545334529145,209.7175873243648,74.37484866965629,355.2200294170404,65.83467025411062,82.72651718983553,90.12433195814648,326.3938597309418,,,,,,,,,True,,
"Pasquantino, Vinnie",b686469_l,159.61587384615416,144.76426153846157,76.05340307692309,332.7472184615384,79.14884307692304,78.03781538461541,63.10974769230784,326.4314923076923,,,,,,,,,False,,
"McMahon, Ryan",b641857_l,99.47342741839758,91.35841471810087,100.44773459940652,323.6456272997033,70.92140937685465,77.17411086053411,97.9483430267062,305.63913519287826,,,,,,,,,False,,
"Turang, Brice",b668930_l,91.9277470658684,192.2016047904192,73.17133772455102,335.88840335329337,73.06492455089827,85.24352095808396,88.35946035928146,304.74542898203595,,,,,,,,,True,,
"Schwarber, Kyle",b656941_l,85.8467154354354,128.85834474474478,64.80506690690713,295.2072410810812,68.08665729729736,68.02167711711715,59.90404972972968,286.76521129129134,,,,,,,,,False,,
"Gurriel Jr., Lourdes",b666971_r,157.13257284848478,328.55052290909094,124.2401209696969,191.06014981818183,152.9828373333335,318.7674067878788,149.8087825454545,111.4701946666666,,,,,,,,,False,,
"Nimmo, Brandon",b607043_l,117.05838461068716,192.062629129771,93.0804748702289,331.9706884885496,78.80297062595412,89.5053044274809,86.39717129771012,322.03420140458013,,,,,,,,,False,,
"Stowers, Kyle",b669065_l,107.97950825688068,150.43294262996943,73.97624709480141,338.999375412844,89.94678395099552,81.69622297090345,63.465845267993885,312.4508241347626,,,,,,,,,False,,
"Freeman, Freddie",b518692_l,81.88121406060608,166.35986618181818,86.76578521212129,345.1151166060605,55.34380824242422,116.25496363636364,69.05614836363637,338.2600543030304,,,,,,,,,False,,
"Yelich, Christian",b592885_l,70.61054585365854,147.31696878048783,71.41929487804872,319.6631941463414,98.68789829268292,61.29741463414645,76.64959439024385,311.7099463414634,,,,,,,,,False,,
"Contreras, Willson",b575929_r,147.69705100917432,299.97520097859325,131.53840244648327,156.30720293577983,144.81962862385322,281.2094441590216,164.95969296636096,80.48008097859324,,,,,,,,,False,,
"Goodman, Hunter",b696100_r,152.60663635258348,337.6000058358662,125.03707404255309,227.35863392097264,136.8549354407295,301.37334759878416,157.77287586626147,57.26155404255317,,,,,,,,,True,,
"Caminero, Junior",b691406_r,158.14111777089792,338.6314419814242,82.97192693498462,198.17255801857584,135.67767590697682,294.41057637209315,140.88811782945737,56.1805561550388,,,,,,,,,False,,
"Contreras, William",b661388_r,155.8881399690881,337.3660861823803,167.77247233384864,177.9002660896445,139.36671282843898,314.1578641112829,127.0585041112829,84.58656989180837,,,,,,,,,False,,
"Tatis Jr., Fernando",b665487_r,143.61944476335893,315.9429960305344,66.38469105343509,222.3567684885496,130.68453764885493,296.7638018931298,151.72604629007645,86.90552036641218,,,,,,,,,True,,
"Suzuki, Seiya",b673548_r,162.6298608150471,326.82351749216303,149.99804363636372,163.8270690909091,142.50275059561136,299.17633680250776,154.42422495297814,74.93611410658309,,,,,,,,,True,,
"Wood, James",b695578_l,141.56869382945732,194.5011333953489,90.98523832558136,344.0668226976746,91.15307981395362,74.99037668217056,91.03018244961252,320.51931361240315,,,,,,,,,False,,
"Lowe, Brandon",b664040_l,76.05210321766572,205.64103470031543,73.0888610725552,328.40035785488965,65.69324063091487,69.25142233438486,80.64118359621457,305.87997148264986,,,,,,,,,False,,
"Harris II, Michael",b671739_l,108.30306339035772,218.3668899533437,90.49108528771384,334.96723881804047,76.36167116640752,105.9133947122861,90.95220155520994,320.3052411819597,,,,,,,,,False,,
"Torkelson, Spencer",b679529_r,153.77369010920435,344.1738608424338,116.19525166926668,201.6314900468019,140.65138870514832,317.4892909828393,145.91886053042123,122.85216499219965,,,,,,,,,False,,
"Carroll, Corbin",b682998_l,94.13889851030112,202.2675182250396,84.1657303328051,347.7962675118858,69.17438580031697,52.93791340729007,82.74547930269419,306.0620729001585,,,,,,,,,False,,
"Aranda, Jonathan",b666018_l,119.7683773775671,162.8062867614534,71.83006862559252,324.91387652448657,57.834290805687246,87.48669371248033,69.88209112164296,318.9824460031597,,,,,,,,,False,,
"Volpe, Anthony",b683011_r,148.78604226415106,328.6303949685534,155.02335723270429,180.92398616352204,135.99903949685523,308.1687579874214,132.8249693081761,97.92845081760998,,,,,,,,,False,,
"Soderstrom, Tyler",b691016_l,115.96108433436534,162.6791224767802,94.1581798142414,344.3857652012384,79.89484061919495,98.5647130650154,87.82292482972146,315.7622380185758,,,,,,,,,False,,
"Steer, Spencer",b668715_r,173.33332874999994,342.70972049999995,157.7493935,148.68010225,137.14301225,300.8608127500001,170.52646949999996,81.49249475000005,,,,,,,,,True,,
"Díaz, Yandy",b650490_r,158.59294499205097,343.755798537361,80.72714963434014,205.490546518283,150.72273755166938,316.0365379968204,138.43728864864872,67.93682645469,,,,,,,,,False,,
"Holliday, Jackson",b702616_l,80.05097228840138,169.66738307210034,71.92034683385586,314.2956514106583,101.41444037617556,59.80886746081509,99.4086129153605,294.0246169278997,,,,,,,,,False,,
"France, Ty",b664034_r,177.24642047393365,327.65315109004746,96.6361190521326,172.17080821484996,146.6918908056872,296.73948789889414,134.44668107424943,74.0496834123222,,,,,,,,,False,,
"Goldschmidt, Paul",b502671_r,145.39980591414945,328.698906709062,110.188067917329,136.50590143084256,143.50359656597772,320.23091917329106,120.5939507790144,113.73796349761524,,,,,,,,,False,,
"Smith, Cam",b701358_r,146.706385800317,321.62835118858953,113.57221984152147,139.469246022187,133.89785128367666,300.961695340729,149.6663939144217,60.95160621236131,,,,,,,,,True,,
"Henderson, Gunnar",b683002_l,96.92663392568662,155.2581671082391,87.69309053311785,327.4766092407109,90.71242054927303,45.75353615508885,96.2592193861067,290.2780606138935,,,,,,,,,False,,
"Arraez, Luis",b650333_l,118.75123632850227,208.223167020934,54.02614801932376,345.23200334943647,82.08508006441221,95.92615420289852,74.03569107890497,318.6069717230274,,,,,,,,,False,,
"India, Jonathan",b663697_r,148.92500511475407,328.3848626885246,123.4035244590164,162.9009390163935,144.88219777049176,303.11764327868855,168.35683226229511,72.95811777049191,,,,,,,,,False,,
"Abrams, CJ",b682928_l,100.39062666666668,157.50170196078432,95.23830692810438,338.35529228758173,50.41019450980389,62.2133095424836,93.00569542483667,310.94019555555553,,,,,,,,,False,,
"Sheets, Gavin",b657757_l,122.27149233278962,243.27159099510607,70.08311151712893,325.6604758238173,90.42280039151711,82.38455464926582,66.21671386623166,308.3948810440457,,,,,,,,,False,,
"Paredes, Isaac",b670623_r,180.52745317803652,338.16109364392696,85.59931953410997,204.34528000000003,153.0369242666667,304.9906490666668,182.490324,101.99636666666666,,,,,,,,,True,,
"Winn, Masyn",b691026_r,183.1501559277504,335.69001878489337,117.6695802955665,282.16746903119866,146.4879666338259,311.7858868965518,162.021601313629,102.20570167487688,,,,,,,,,True,,
"McCutchen, Andrew",b457705_r,150.98248605263157,341.0670839473684,145.111087368421,146.05783684210527,144.1664834210526,315.8164963157896,160.13666526315785,112.45055842105262,,,,,,,,,False,,
"Adell, Jo",b666176_r,165.5145088524589,335.8174630819672,128.8024713442624,134.81851462295083,156.5305012459017,312.5654772459016,137.96204459016394,81.38964327868847,,,,,,,,,False,,
"Diaz, Yainer",b673237_r,152.5742027107438,331.78221804958685,152.31266247933883,148.37178552066115,141.0567456953643,315.79266145695374,150.14686569536428,78.00417218543048,,,,,,,,,True,,
"Altuve, Jose",b514888_r,130.03322666666676,248.5675984,81.6043162666667,99.96900799999996,116.33917920000012,224.6369522666667,199.3950629333333,37.9346061333334,,,,,,,,,True,,
"Larnach, Trevor",b663616_l,78.9591291275168,130.5413240268456,83.17911758389272,334.90742791946315,44.665477979798005,108.11214356902364,84.70656000000004,323.63427797979807,,,,,,,,,False,,
"Flores, Wilmer",b527038_r,167.2683518927974,327.3773531658293,136.711232160804,104.12089112227795,160.58408201005034,318.0605523618092,134.20403082077056,85.10922077051936,,,,,,,,,False,,
"Ozuna, Marcell",b542303_r,174.60794983050852,342.4676094915255,104.67197938983053,172.9789011525424,170.17917152542378,333.68716094915266,137.92461857627123,119.7229548474576,,,,,,,,,False,,
"Lee, Jung Hoo",b808982_l,139.81160027210873,190.95729278911563,37.62466693877551,309.3644623129252,77.66200326530618,56.44741768707486,40.66007673469389,291.1106688435374,,,,,,,,,False,,
"Buxton, Byron",b621439_r,140.82842078098477,308.2533256366724,146.2627403735144,145.66141718166386,135.34173039049233,304.69851028862485,161.1392323259763,87.09742098471985,,,,,,,,,False,,
"Smith, Josh",b669701_l,116.53002555555564,212.7315402777778,74.96539277777786,331.3077866666667,55.46998611111103,97.16963277777784,69.31705166666667,316.7325008333334,,,,,,,,,False,,
"Schanuel, Nolan",b694384_l,50.23085612349913,154.5026859691252,55.20147814751279,341.8682974957119,48.60974408233282,105.3406265523156,61.642553138936606,307.7258931046313,,,,,,,,,False,,
"Hoerner, Nico",b663538_r,179.2447077873071,347.4021392795884,145.41619073756434,191.1375975300172,134.35509680960544,313.112540102916,161.64141804459695,92.90590490566044,,,,,,,,,True,,
"Bohm, Alec",b664761_r,147.83667611111113,333.3740825,118.49286666666669,132.1109063888888,144.7319980555556,317.4733527777778,144.83791916666678,62.14161305555552,,,,,,,,,False,,
"Naylor, Josh",b647304_l,103.5553670052538,104.48241457092814,83.7483211208406,335.87432770577936,67.43026213660238,85.65033863397548,83.3455478809107,317.21012343257445,,,,,,,,,False,,
"Mullins, Cedric",b656775_l,83.01874721649487,176.00918625429554,52.54773718213063,331.4410353264605,57.12103175257727,132.422839862543,43.41117635738828,321.4152995189004,,,,,,,,,False,,
"Donovan, Brendan",b680977_l,99.5956225569177,139.98782514886165,73.94048728546403,338.47876455341503,73.35613842381778,80.96264154115582,60.62541281961474,328.99765828371284,,,,,,,,,False,,
"Ward, Taylor",b621493_r,168.2298828422877,336.3816180242636,105.91500062391678,253.38143140381283,147.16618065857892,303.8937411438475,163.1488610051993,83.96942918544192,,,,,,,,,True,,
"Soto, Juan",b665742_l,108.45306395796852,94.2109301576182,81.88546437828357,325.7266816112083,85.97790991243438,76.42967677758313,71.71742991243435,316.77979292469354,,,,,,,,,False,,
"Busch, Michael",b683737_l,66.27015928698766,174.86125033868092,66.34583272727274,344.5694069162212,60.24375415329776,104.23605903743314,66.53877219251343,323.4138492691623,,,,,,,,,False,,
"Beck, Jordan",b687597_r,147.39933179755673,275.7758595462478,138.72669375218138,111.20246254799304,139.11520000000002,256.79342017452007,143.95759246073288,53.17426317626517,,,,,,,,,False,,
"Springer, George",b543807_r,159.839393122807,333.8388510877193,143.25449487719305,172.28205810526316,142.273037754386,314.7259865263157,153.0539879298246,115.43065880701756,,,,,,,,,True,,
"Guerrero Jr., Vladimir",b665489_r,134.1906776470589,319.8094051211072,112.48123903114195,163.9071471280277,130.6467750865053,298.87514076124575,149.14176083044987,66.99364235294118,,,,,,,,,False,,
"García Jr., Luis",b671277_l,107.90064365553606,159.18544590509669,79.68907360281196,334.5728444288225,88.94341398945508,101.65061342706504,81.63876836555363,323.41349089630927,,,,,,,,,False,,
"Neto, Zach",b687263_r,182.0427537132988,290.610258791019,171.72173264248713,78.02603219343703,160.7419766493954,260.7345146804836,166.3593561312608,52.80745837651117,,,,,,,,,False,,
"Raleigh, Cal",b663728_l,60.618176571428606,196.6443845714286,65.48218971428577,337.6425591428571,64.28933942857148,72.80339085714294,52.18683714285722,320.53024685714286,162.50084070175438,322.7678449122808,158.03011789473683,183.4295936842105,163.83814385964914,294.6469747368422,157.8996161403509,55.58122596491231,,False,False
"Harper, Bryce",b547180_l,122.05160028268553,130.16515957597173,72.1306595053003,298.62363929328626,81.88116296819783,48.46470727915188,66.83541314487638,260.8167912367491,,,,,,,,,False,,
"Realmuto, J.T.",b592663_r,163.27889630931458,334.7545026362039,119.2023510720563,199.2154187697716,145.59447676625655,317.4317801054481,150.999033251318,95.96295395430582,,,,,,,,,False,,
"Arenado, Nolan",b571448_r,146.48589767441865,350.91806883720943,135.88595348837217,179.46984186046512,125.51569405017932,335.25243211469547,144.04638422939072,99.26163354838704,,,,,,,,,True,,
"Langford, Wyatt",b694671_r,152.9364894964028,338.05319798561163,152.190252086331,176.39514532374105,152.99612863309355,321.8379033093525,146.5863692086332,84.25044201438854,,,,,,,,,False,,
"Abreu, Wilyer",b677800_l,122.3877837837838,166.86073427027026,61.41347199999996,333.4068627027028,82.22528490090082,104.11364410810808,48.00434911711712,324.195682018018,,,,,,,,,False,,
"Wells, Austin",b669224_l,84.48469710144921,187.57440579710143,66.25770608695657,339.8598046376812,72.87756225045372,98.69676486388376,60.3798199637024,326.76713408348456,,,,,,,,,False,,
"Torres, Gleyber",b650402_r,158.7620435188511,336.8466909874326,80.58679698384213,207.5135942549372,160.851222405745,326.0939872172352,136.6975790305206,109.5462963016158,,,,,,,,,False,,
"Cruz, Oneil",b665833_l,98.53906877697848,112.09696201438848,63.51049208633091,326.415126618705,84.8490287769784,73.3710955395684,75.58519884892083,311.4618869064749,,,,,,,,,False,,
"O'Hoppe, Logan",b681351_r,160.03536641165755,336.1577328961749,142.3516534790529,154.00729471766851,162.5854531386862,321.94180729927007,123.06989021897812,59.01574832116793,,,,,,,,,False,,
"Hernández, Teoscar",b606192_r,148.30834426966305,334.107976928839,129.32271580524346,183.0782927340824,133.42840209737824,316.92173932584274,134.11398411985027,107.796338576779,,,,,,,,,False,,
"Frelick, Sal",b686217_l,93.06106961325966,189.50682430939227,65.79082548802938,334.7334662246778,67.4917790055249,80.78623558011049,73.83344618784538,307.6788985635359,,,,,,,,,False,,
"Robert Jr., Luis",b673357_r,159.8786514285715,331.0167200000001,98.3437295238096,165.39041904761908,152.84918857142853,324.32821333333334,155.6140914285715,125.78678857142856,,,,,,,,,False,,
"McLain, Matt",b680574_r,169.69407683453235,318.81143223021587,127.03354992805755,170.5725182733813,153.3140618705036,294.54468201438857,138.72552546762594,84.19598417266188,,,,,,,,,False,,
"Garcia, Maikel",b672580_r,158.90112990892533,345.841906010929,168.71377806921677,156.5021429508197,137.90968437956204,315.19126598540146,136.10712145985397,73.60856145985403,,,,,,,,,False,,
"Kepler, Max",b596146_l,152.13496761904767,174.69636190476191,77.10733714285709,345.168441904762,58.15644571428568,98.44753142857144,71.63432380952376,331.1576419047619,,,,,,,,,False,,
"McKinstry, Zach",b656716_l,76.30177739130438,156.72267391304348,73.90884666666669,331.14283362318844,67.90118869565221,93.94161565217388,76.65601043478267,307.02374898550727,,,,,,,,,False,,
"Friedl, TJ",b670770_l,124.05788117647056,194.571685,49.1514032352941,335.9308517647059,64.70528000000009,78.86385058823527,63.56401000000011,296.0366429411765,,,,,,,,,False,,
"Kwan, Steven",b680757_l,64.12462720000005,216.0331592727273,50.45740858181819,266.0804704000001,53.69661430656935,59.68344729927004,39.95941372262775,252.6234919708029,,,,,,,,,False,,
"Stott, Bryson",b681082_l,72.16461117647056,122.23381970588233,62.146589411764566,325.5744514705883,80.15938176470574,88.47113735294117,63.43054205882359,312.35108852941187,,,,,,,,,False,,
"Doyle, Brenton",b686668_r,152.54194666666672,328.5676640000001,123.14019140740754,107.9477685925926,141.83990370370364,311.7666450370371,138.840589925926,87.14964829629629,,,,,,,,,False,,
"Sosa, Lenyn",b672820_r,155.19474151012895,337.95070526703506,128.41426651933696,173.4279033517495,140.39247705340688,303.06291123388587,159.6609803314918,90.55265149171277,,,,,,,,,True,,
"Betts, Mookie",b605141_r,159.5572966852887,317.19461482309134,123.0620969832402,177.11514785847302,156.00210800744878,287.32865400372435,167.8041016014897,73.54166405959043,,,,,,,,,False,,
"Arias, Gabriel",b672356_r,116.42494790170124,338.27582336483925,110.11904453686208,188.42794041587905,97.14204562737642,298.8370068441065,138.08268167300383,72.80494509505709,,,,,,,,,True,,
"Narváez, Carlos",b665966_r,148.20455759398493,314.13279007518804,102.53936571428572,174.68269714285717,112.93621443609022,275.6556051127819,159.30307789473682,66.89185413533833,,,,,,,,,True,,
"Kirk, Alejandro",b672386_r,130.27159693989077,297.75341231329696,144.53494499089254,132.659622003643,134.9824711111111,282.56276692167575,121.38466244080158,40.56155249544631,,,,,,,,,False,,
"Wagaman, Eric",b676572_r,155.61637292543023,317.98183250478013,150.19008642447426,156.49791847036332,121.21196787762908,281.0725626003824,146.61450676864243,55.858979732313486,,,,,,,,,True,,
"Wilson, Jacob",b805779_r,165.86496361581914,326.2792436911488,82.35982252354059,200.16336361581924,153.66408708097924,301.78197122410546,153.92667630885143,69.23583638418074,,,,,,,,,False,,
"Hayes, Ke'Bryan",b663647_r,172.61658555133087,339.9215227376426,136.91834828897333,206.9755744486692,161.71968304182522,321.77372045627385,143.6597152851712,86.73843802281374,,,,,,,,,False,,
"O'Hearn, Ryan",b656811_l,104.90300939393951,180.6411312121212,91.60393848484848,319.6598181818182,49.62006818181818,86.5914533333333,92.03767363636358,303.7607433333334,,,,,,,,,False,,
"Burleson, Alec",b676475_l,95.73841338403048,241.3841405323194,60.21630387832704,337.8907902661598,87.99842494296577,104.49656851711026,53.916027376425816,329.0033219771863,,,,,,,,,False,,
"Peña, Jeremy",b665161_r,167.06910148007591,339.44381783681223,108.8749917267553,171.7209575711575,170.33926800759008,330.47457760910817,153.41748523719167,91.59537518026562,,,,,,,,,False,,
"Nootbaar, Lars",b663457_l,99.40847452471482,218.16346342205327,56.68804258555133,336.2560486692016,80.7847872243345,55.29109992395429,63.40919087452474,298.17628258555135,,,,,,,,,False,,
"Correa, Carlos",b621043_r,155.6303492682926,321.6706458536586,152.4635434146342,119.46056195121947,143.88158071563086,304.93177672316386,146.56704482109234,79.72448512241047,,,,,,,,,False,,
"Bogaerts, Xander",b593428_r,149.88849013435708,285.57044575815735,128.87312429942415,126.53772191938585,132.20575539347402,270.72832030710174,146.7427236852207,41.34257074856043,,,,,,,,,True,,
"Sánchez, Jesús",b660821_l,105.64287471844672,130.16820691262134,77.89753258252414,321.7817205436893,73.3254058252427,54.724656155339886,71.12241118446603,302.5478716893204,,,,,,,,,False,,
"Clement, Ernie",b676391_r,155.6171474285714,322.952505904762,151.37949409523802,145.3770620952381,126.3517455238096,285.4729462857143,163.16621226666672,73.77135055238094,,,,,,,,,True,,
"Lindor, Francisco",b596019_l,88.36989026819926,167.534830651341,72.05067249042132,325.58062620689657,82.60358835249042,83.6553281226054,68.6322681992337,314.5235454406131,168.14053625570776,325.4118984474885,144.96415050228308,177.1748953424658,158.0550884403671,313.71831119266056,158.61321541284408,105.80474568807344,,False,False
"Lux, Gavin",b666158_l,91.21590795366798,186.4663227799228,71.06206918918923,344.83215413127425,84.10036447876452,84.5742783011583,79.91990980694976,322.66264679536687,,,,,,,,,False,,
"Reynolds, Bryan",b668804_l,89.16925389635311,92.3088267178502,69.39850656429954,325.2122315547025,68.00031140115172,77.6821709021114,59.15925742802296,319.3572950479847,144.55960000000002,330.1983638709678,139.37603870967743,159.7989152688172,152.7636567741936,325.99339784946244,152.65069935483868,113.52120774193548,,False,False
"Yastrzemski, Mike",b573262_l,70.63436307692307,196.1212758974359,68.93964717948714,328.2047220512821,62.53659897435904,102.4224246153846,58.26717948717953,319.7654153846155,,,,,,,,,False,,
"Carpenter, Kerry",b681481_l,107.40800093749992,213.7994365625,78.64198281250002,339.0572478125,96.11507562500005,133.91526937500004,63.95395312500001,337.2196043750001,,,,,,,,,False,,
"Ramírez, Agustín",b682663_r,162.52842604288506,332.4439815984406,114.80288686159848,129.56452397660823,162.85276360784314,315.8704630588235,134.9348445490196,78.84343090196079,,,,,,,,,False,,
"Jung, Josh",b673962_r,154.88016692913394,319.8524828346456,144.20870645669288,177.57232251968503,134.540371023622,282.90324,153.36838362204722,62.1434185826771,,,,,,,,,True,,
"Soler, Jorge",b624585_r,162.65500307692304,345.25849846153864,96.75393641025636,150.75176615384618,151.14205948717947,329.57109743589746,153.04943179487177,100.6497066666667,,,,,,,,,False,,
"Ortiz, Joey",b687401_r,148.8618852589641,343.98987537848615,118.6166342629482,181.0870929083665,138.3454425498008,319.7834320318725,127.35021450199208,101.83804047808763,,,,,,,,,False,,
"Lopez, Otto",b672640_r,152.6531044752475,330.5574228910891,154.3165813861386,155.63251611881188,152.15213238095248,315.85376222222214,122.61844349206348,81.68941333333339,,,,,,,,,False,,
"Albies, Ozzie",b645277_l,164.65748966601163,191.55037862475444,44.09224707269153,347.02135575638505,53.9014412573674,124.7932649115914,52.80286208251472,326.0535173280944,216.0695589528796,336.63263748691105,88.78024544502625,243.429089842932,187.3581319371728,314.12445654450266,153.85564816753927,141.5309897382199,,False,False
"Seager, Corey",b608369_l,133.56992416833688,185.5243437274549,80.89918044088178,335.4127701803608,95.16753442885762,46.41576529058111,75.8828206813628,321.58409234468945,,,,,,,,,False,,
"Conforto, Michael",b624424_l,86.85176820925544,154.32429746478869,74.05524828973839,325.8505516297787,59.7006616129032,88.48891096774187,72.5273883870968,310.44476322580647,,,,,,,,,False,,
"Hoskins, Rhys",b656555_r,139.51875883817434,337.6573736099586,124.27873692946062,195.64084680497928,130.0888199170124,321.4376932780083,141.48295203319515,98.91462838174274,,,,,,,,,True,,
"Chapman, Matt",b656305_r,143.74942329317255,336.76855518072296,114.05753188755035,191.58913702811248,150.6256610441767,327.6772260240963,135.4566178313253,85.7861362248996,,,,,,,,,False,,
"Burger, Jake",b669394_r,134.81858337448563,309.1748704526749,134.79422255144044,172.28148082304529,143.26099950617288,302.489630617284,113.18879176954734,63.96178304526755,,,,,,,,,False,,
"Trout, Mike",b545361_r,178.03459682281064,344.78751543788195,149.00125784114044,191.77838598778004,140.1595421588595,313.2687459063136,161.24392179226064,122.03104228105904,,,,,,,,,True,,
"Muncy, Max",b571970_l,80.28641518987344,202.4721785654009,77.13205130801691,332.2311048101266,47.95446514767934,49.23654244725732,82.72030481012646,306.46891375527434,,,,,,,,,False,,
"Merrill, Jackson",b701538_l,74.94728472505084,161.3055175560081,76.55133327902244,295.7176254175153,60.534553142857234,65.79047346938776,84.7363167346939,253.6285325714286,,,,,,,,,True,,
"Báez, Javier",b595879_r,161.39609249492895,281.4691443407708,130.8288976876269,113.78821452332662,141.6425814198784,260.42293225152133,144.67520454361065,62.43129736308312,,,,,,,,,False,,
"Manzardo, Kyle",b700932_l,101.16002918032788,131.43333934426232,90.6875573770491,327.71892852459024,78.7795701639345,60.89071049180333,92.7658481967214,298.957357704918,,,,,,,,,False,,
"Scott II, Victor",b687363_l,126.53356108108102,209.0653578378379,49.50713513513511,287.7163027027028,59.65984864864876,59.08891675675673,47.273107027026974,278.43612108108107,,,,,,,,,False,,
"Chisholm Jr., Jazz",b665862_l,80.53677930184794,162.52431737166324,71.31546020533878,334.1411452977412,71.87025685950411,124.34239471074385,70.06813024793395,322.4374261157025,,,,,,,,,False,,
"Norby, Connor",b681393_r,158.51296974789912,325.90992739495795,136.6350359663866,140.20825277310925,150.60016573839667,297.88825552742617,173.1180921518988,65.75930767932493,,,,,,,,,False,,
"Thomas, Alek",b677950_l,113.90760084566588,193.7128696828753,70.96438257928124,283.83115196617337,33.26324803382666,44.42112473572938,77.48430748414373,245.23529200845667,,,,,,,,,False,,
"Keith, Colt",b690993_l,103.26090163934424,149.13509409836067,78.14112098360651,326.64699540983605,70.58190655737712,60.49518229508196,83.67542557377051,301.49218721311473,,,,,,,,,False,,
"Jones, Nolan",b666134_l,89.80339287211748,174.9296583647799,74.17321761006286,336.58461584905666,57.20919208421056,75.16287326315786,71.58516682105261,309.97231730526323,,,,,,,,,False,,
"Barger, Addison",b680718_l,145.83668384458076,248.4434067893661,64.40931599182002,336.1056958691207,87.40701676891611,105.12484777096113,76.98266077709617,304.3870740286299,,,,,,,,,False,,
"Rice, Ben",b700250_l,154.83962101694922,175.11049220338987,73.21813389830514,329.5682911864407,62.92108161358821,131.4511456475584,74.23377324840773,325.6341781740976,,,,,,,,,False,,
"Smith, Will",b669257_r,160.00667100642394,337.755366509636,126.44219648822268,243.57335400428263,151.59742761290326,313.31343827957,155.60791810752693,128.68833961290323,,,,,,,,,False,,
"Allen, Nick",b669397_r,167.85074295503216,336.2349444111351,149.5722463383297,174.79639023554608,143.47249267665953,296.2543246252677,164.25711314775162,67.16181961456103,,,,,,,,,True,,
"Williamson, Ben",b810938_r,138.8485037419355,323.9402969462366,135.75458202150546,196.05012369892472,139.3336044731183,304.6763076129032,159.5827041720431,84.06291475268822,,,,,,,,,False,,
"Ramírez, José",b608070_l,72.6262274782608,191.10843130434785,39.433510608695606,335.0539631304348,68.15595438596492,122.12517438596493,31.396597894736782,326.78560210526325,163.45011478260875,336.68027217391307,145.98759913043477,185.2397452173913,157.43639693989073,320.66522229508206,146.4859698360657,108.73720480874312,,False,False
"Langeliers, Shea",b669127_r,163.02940025917937,330.4380202159827,109.41536069114476,141.71268388768902,165.61824552915775,312.92425848812087,149.7276205615551,74.7647436717063,,,,,,,,,False,,
"Vientos, Mark",b668901_r,144.45320328293738,319.4264238444925,129.9787303671706,164.87176328293737,141.47106280777535,311.4139179265659,143.177008725702,85.82237408207341,,,,,,,,,False,,
"Frazier, Adam",b624428_l,57.572969102844624,96.84824927789928,61.465978118161885,309.94908288840264,50.6070035886214,89.74440297592997,59.15027361050322,291.9888609190373,,,,,,,,,False,,
"Bader, Harrison",b664056_r,167.6822197379913,328.6246305676856,144.93822358078597,204.82476541484715,141.08228506550216,313.59959161572044,153.7083619213972,68.92374183406116,,,,,,,,,True,,
"Benintendi, Andrew",b643217_l,95.1231540838852,206.9174226931568,47.8376095364238,329.891031169978,80.71976476821189,82.28658225165562,57.64984194260487,311.98856759381897,,,,,,,,,False,,
"Rengifo, Luis",b650859_l,101.96846634573308,121.7186590809628,58.94775807439824,274.5851595623633,74.4831415317287,45.05384157549239,73.19340498905913,252.72860603938733,165.9778552380953,282.34886222222224,113.66902476190478,99.07027301587306,155.88066031746035,257.85753904761907,152.3804,40.03592761904757,,False,False
"Meyers, Jake",b676694_r,140.7167071428572,347.0607285714286,134.0798403571428,172.02920214285714,129.99006821428566,326.7196796428572,159.8210428571428,103.80527178571424,,,,,,,,,True,,
"Happ, Ian",b664023_l,87.5841788235294,194.2889082352941,76.43483764705884,342.28150588235303,67.93424941176478,110.01509647058823,65.90533647058832,325.5408470588235,149.17694376811596,330.6487080193237,147.7637596135266,187.89709217391305,158.5878183574879,319.70147710144926,143.3354999033817,117.21614995169082,,False,False
"Cronenworth, Jake",b630105_l,68.18098754966891,178.94892997792496,79.92985607064007,336.0710739072848,62.65316485651216,96.31871682119206,68.14565050772633,326.4283362472406,,,,,,,,,False,,
"Kiner-Falefa, Isiah",b643396_r,152.14914541387023,329.73024393736017,85.64390478747201,192.48833539149888,128.48525064876966,301.8244613870247,160.33983642058175,89.62345234899328,,,,,,,,,True,,
"Naylor, Bo",b666310_l,139.35984281938318,184.4775414977974,83.01981286343621,333.1374918061675,76.1635418502203,70.53832105726876,95.92018819383262,292.6442808810572,,,,,,,,,True,,
"Grisham, Trent",b663757_l,125.90275991169976,222.1119833995585,93.94192070640172,337.47834313465785,71.14849094922734,138.64637245033114,80.077678410596,335.46893916114806,,,,,,,,,False,,
"Taylor, Tyrone",b621438_r,170.90746691075518,309.03269382151035,131.87361574370712,172.91038755148742,169.9608670022883,305.79961226544634,143.27962178489707,93.76174681922194,,,,,,,,,False,,
"Dingler, Dillon",b693307_r,158.60809137697524,333.9577661399548,121.91714022573368,137.89947340857788,149.22347882618524,310.9597320090293,166.73358085778773,82.74406176072236,,,,,,,,,True,,
"Pagés, Pedro",b686780_r,150.64613237668158,330.52754260089694,135.0874478923766,189.9471748878924,132.3688785650223,298.085031748879,148.74144932735427,67.3263946188341,,,,,,,,,True,,
"De La Cruz, Elly",b682829_l,147.6753333940775,202.6714533029613,71.61763644646929,345.3352276993168,80.33947917995445,56.04292883826879,94.11938915717548,306.50429995444193,154.12461357798165,341.6715170642201,98.40513467889896,192.4211075229358,134.98150532110088,314.5567420183487,137.74072073394493,68.93357798165138,,True,False
"Perdomo, Geraldo",b672695_l,79.0035409836066,72.94172327868849,54.69433742388756,298.8632955503513,58.9648550819672,46.51935662763466,41.479410585480046,296.78445002341925,180.5959973033709,298.0821393258427,126.93440449438204,79.79079011235959,159.80701662921354,281.1526804494382,144.96784089887646,68.21210786516856,,False,False
"Baty, Brett",b683146_l,101.73940330275228,184.85081871559635,89.30731963302756,334.6155130275229,85.18670605504592,95.36774458715594,76.00195082568806,318.261040733945,,,,,,,,,False,,
"Moniak, Mickey",b666160_l,111.24507730858456,138.87507935034805,82.24195786542917,314.53050023201854,75.19585410672849,81.68900232018561,74.74311870069612,305.4476903944316,,,,,,,,,False,,
"McNeil, Jeff",b643446_l,78.12523102803733,162.27840261682246,63.31111626168219,337.93448523364486,48.62558242990652,110.45477495327091,70.54852971962617,310.0853069158879,,,,,,,,,False,,
"Meidroth, Chase",b805367_r,154.48847518518522,348.8573774074074,103.46803962962956,196.91441740740743,139.7878633333333,320.5501229629631,149.8528485185186,101.40902185185185,,,,,,,,,True,,
"Murphy, Sean",b669221_r,142.2502050232558,332.7326511627908,96.53028613953484,177.94534437209307,145.91820279069768,311.104288744186,157.92767776744185,100.80987944186046,,,,,,,,,False,,
"Bell, Josh",b605137_l,128.18125575757583,165.61406545454548,93.6311515151516,340.62092121212123,56.08117818181816,96.7875975757576,84.02485818181819,325.74351999999993,141.50579041322314,335.983546446281,95.86178909090908,177.58960396694215,141.76494809917352,326.6929771900827,145.01136396694218,141.85656198347107,,False,False
"Urías, Ramón",b602104_r,149.21703866983373,337.27884579572446,103.743130071259,185.72879581947743,141.42149510688844,316.0308602375296,159.10873311163886,97.77695429928744,,,,,,,,,False,,
"Espinal, Santiago",b669289_r,166.39692853080567,343.9254938388627,139.3576629383886,222.16336341232227,157.3680921327014,333.195882843602,154.90202047393376,142.10548928909952,,,,,,,,,False,,
"Santana, Carlos",b467793_l,125.13638830188688,206.21114792452835,73.45244528301892,329.2968403773585,68.36005144208046,68.35653219858153,82.41175451536647,298.8145183924349,158.86383725714282,341.1665627428572,100.56885394285706,198.15000594285715,140.4471052873563,315.1192781609196,130.22357057471265,81.96186942528738,,True,False
"Lowe, Josh",b666139_l,117.54091999999996,132.15610504672895,91.41632411214964,318.2626471028037,101.51771775700942,62.86956037383179,87.22417158878508,302.9083446728973,,,,,,,,,False,,
"Laureano, Ramón",b657656_r,129.83293692671393,340.02680737588656,139.20641513002363,234.6885806146572,132.91982411347516,323.47430997635934,160.57356179669034,113.55050666666662,,,,,,,,,False,,
"Sweeney, Trey",b700242_l,120.10321938242284,203.8388074109264,80.11960171021379,330.7401459382423,61.26111125890744,76.64186679334918,83.1697216152018,287.26479125890734,,,,,,,,,False,,
"Jeffers, Ryan",b680777_r,153.5878549282297,334.28837358851683,134.51570794258376,146.60879425837322,139.73259499999998,306.259125,154.83206499999994,80.82844500000004,,,,,,,,,True,,
"Domínguez, Jasson",b691176_l,101.59889356608484,189.84752957605983,66.83056279301744,297.4412093765586,82.26195311720699,85.28546274314213,70.995682394015,291.7298976558604,162.74465807909598,312.677261920904,114.41483570621467,188.65184451977404,142.0722666666667,305.49953446327686,144.41823638418083,109.7129536723164,,False,False
"Smith, Pavin",b656976_l,92.60932994923851,170.59008446700508,73.73190456852794,343.90281664974617,64.89930598984773,100.47949279187816,75.73773197969548,320.45573157360406,,,,,,,,,False,,
"Castro, Willi",b650489_l,72.25232888888887,190.76424040404044,56.222808888888906,335.9333547474748,52.72694343434343,138.31592686868686,46.28472646464648,327.5026262626263,149.76304415584423,337.0267106493506,150.21287792207798,197.9724436363637,164.2492041558442,334.5375854545455,158.0563418181818,135.78251012987013,,False,False
"Polanco, Jorge",b593871_l,94.784352,159.11749333333336,86.6118933333334,332.5468373333335,67.33746666666666,86.94465599999995,79.004976,325.71469333333334,169.13334400000005,306.982336,126.26688,138.48265600000002,141.08339200000006,295.226016,146.47276800000003,69.311648,,False,False
"Toglia, Michael",b669911_l,112.8442269387754,151.91296897959182,95.4601069387755,336.0543926530613,79.96834122448979,98.58537714285713,96.68110408163272,311.46080693877553,135.52821226666669,317.4991658666667,123.7854197333334,132.39128533333331,124.59322239999996,295.5502154666667,151.6549514666666,76.84004586666663,,False,True
"Martínez, Angel",b682657_l,121.28001906735749,165.1283780310881,47.10817823834203,345.49855253886005,49.87634410389613,75.59372841558444,77.1058023896104,295.7464660779221,186.2213262893082,340.81633006289314,110.25845735849056,163.2974349685535,142.28680506329118,302.00077974683546,174.50958582278489,73.80637569620254,,True,True
"Edwards, Xavier",b669364_l,93.69494631016036,131.18124106951876,66.54410566844912,290.9066156149733,74.21371080213906,57.56007486631016,76.00125390374333,275.11829219251337,170.550176196319,272.27957300613497,147.9185894478527,117.37689423312884,138.7846331288343,252.29703852760736,134.4799646625767,34.82746208588952,,False,False
"Lee, Brooks",b686797_l,72.61668456824506,151.427611810585,68.97454083565464,327.7825555431754,73.86173548746525,95.84192935933146,71.17592824512539,310.056082896936,147.2697416216217,329.7041254054054,139.8540356756757,138.87267027027028,135.53526702702703,302.5055254054055,149.5026497297297,91.75095891891893,,False,True
"Heim, Jonah",b641680_l,120.4538511627908,218.1787734883721,85.2444637209302,339.4908251162791,74.88468511627906,75.40296000000001,77.88050186046517,323.836194883721,136.39399506172845,337.537925925926,121.68297679012348,202.03167802469136,135.2678291358025,316.6108918518518,142.9664355555555,71.98500641975308,,False,False
"Edman, Tommy",b669242_l,99.9589541214058,206.19443322683708,69.73567028753995,336.8125985942492,54.42714274760387,92.5847003194888,70.97121022364216,317.9177722683706,140.83461593495937,326.1398491056912,132.69669203252033,187.71454699186995,140.2768715447155,305.20251837398376,157.8270491056911,96.66902373983736,,False,False
"Bailey, Patrick",b672275_l,105.7184172151898,180.8205918987342,72.50448354430388,335.3990501265823,64.6402141772152,108.9322440506329,82.87662075949363,304.80807544303804,151.06014148760335,329.5117209917356,131.46585388429753,184.19492760330576,134.03207537190087,306.99066710743807,149.53931768595046,96.41879008264463,,True,True
"Rutschman, Adley",b668939_l,112.4674825974026,125.8204311688312,53.22097194805195,334.0666748051948,75.29216259740268,89.11523168831164,53.31509870129865,314.5175516883117,158.96771755102043,338.7988146938776,146.48421551020405,120.49682938775511,138.28496163265302,323.14501061224496,149.43800653061223,108.85585469387756,,False,True
"Mangum, Jake",b663968_l,86.32878666666657,187.74874,85.71869333333346,319.4542799999999,63.53773787781356,73.49926173633432,71.42004836012865,307.7507745337621,140.85106495412847,298.5479266055046,143.44026422018354,155.27825174311928,132.33327412844042,294.3678708256881,156.24403816513762,59.74965284403673,,False,True
"Marte, Ketel",b606466_l,73.46268929292934,208.14888565656565,40.38825212121212,329.9597155555556,92.8869969023569,100.65659367003366,32.55299016835017,325.1007024915826,160.2498819047619,330.9731613605443,170.99104435374156,212.6131668027211,154.2988462585035,305.9613311564626,147.64774204081633,85.60620190476192,,False,False
"Walls, Taylor",b670764_l,84.24659310344832,180.58451475862068,75.66733186206903,334.7125649655173,69.81822841379305,106.54867917241376,86.46316303448273,318.3964137931034,167.70201548387098,342.48856387096777,144.64228000000006,200.30285032258064,135.88512774193552,318.3142,157.23423096774192,116.27272903225808,,True,True
