name,uid,x1,y1,x2,y2,x3,y3,x4,y4,x5,y5,x6,y6,x7,y7,x8,y8
"Abrams, CJ",b682928_l,99.47733006597548,174.7021276531574,75.90432542884069,341.5863716493874,63.88327969811324,65.01437056603775,81.50011833962265,316.0026646037736,,,,,,,,
"Abreu, Wilyer",b677800_l,139.3562456879039,162.09725916897506,60.52053894736838,329.67905447830105,93.39185831948296,115.1547455586334,49.41219427516161,324.0138201292706,,,,,,,,
"Acuña Jr., Ronald",b660670_r,165.83558382393394,338.9791223108666,107.43806459422288,167.77393606602476,126.63744022008254,307.04613259972496,171.64153617606604,77.16690156808804,,,,,,,,
"Adames, Willy",b642715_r,147.04632656361477,333.67860908442333,152.20278506539833,152.65826929845423,131.6025986206897,304.79103980975026,135.92621374554105,83.25855733650417,,,,,,,,
"Adell, Jo",b666176_r,166.29665476486247,339.49422864241353,130.2360195918367,124.87676677905944,158.210399148181,305.9329561668145,143.93025419698316,74.28831900621114,,,,,,,,
"Albies, Ozzie",b645277_s,157.51893714285717,177.72633714285712,40.08736571428573,352.6784028571428,51.45650857142856,123.63060000000002,54.74751142857144,327.34364000000005,219.83939612903225,335.40360774193545,84.28641032258065,236.6361651612904,181.7045504477612,307.27317452736315,159.44060815920398,130.93353751243782
"Alonso, Pete",b624413_r,159.73977814744808,323.46962843100187,160.42658903591683,136.4923850283554,158.64471712665403,302.54421504725894,146.03306177693767,67.26635977315688,,,,,,,,
"Altuve, Jose",b514888_r,108.3831312169312,249.9292668783069,75.25872402116401,98.90396105820103,94.23748042328045,217.7285667724868,201.3894617989418,36.810568465608455,,,,,,,,
"Alvarez, Francisco",b682626_r,153.08796408163266,328.64209632653063,114.63981714285715,143.1192130612245,141.84994938775515,314.3354546938775,128.27338448979594,84.37571918367348,,,,,,,,
"Alvarez, Yordan",b670541_l,106.26578666666668,129.45539333333335,74.47564444444443,336.97288444444445,75.31404222222227,78.24697555555557,90.5715955555556,310.3172911111111,,,,,,,,
"Antonacci, Sam",b803011_l,72.34155191489363,128.38964617021276,47.67814553191491,341.8480695744681,44.588128510638285,94.0252940425532,53.099723617021326,313.39587127659576,,,,,,,,
"Aranda, Jonathan",b666018_l,116.83080285148516,154.4376879207921,74.60225568316832,322.862399049505,56.713436039603934,89.39034835643565,71.51258455445543,318.10430225742573,,,,,,,,
"Arenado, Nolan",b571448_r,141.7686512183908,351.51647135632186,145.27909112643678,191.64007098850573,125.24245590804594,333.2979928275862,142.2860285057471,99.64653149425286,,,,,,,,
"Arozarena, Randy",b668227_r,164.10492004077474,298.25478230377166,173.85181064220183,186.9276313965341,149.33152815494395,272.8267123343527,177.4391088277268,34.12082364933745,,,,,,,,
"Arraez, Luis",b650333_l,125.29305456815814,220.34245827263268,55.727989177939634,351.450862351717,78.0860801664932,98.53233814776274,74.65502601456816,321.26273581685746,,,,,,,,
"Baldwin, Drake",b686948_l,127.80138452012385,174.81984099071207,77.97116796697628,335.91289378740976,64.016551001032,56.92814348813211,75.40279512899897,301.6558411558308,,,,,,,,
"Basallo, Samuel",b694212_l,125.48373090909092,206.3595480877743,67.23951874608153,351.7682109090909,63.98572062695924,118.90351598746082,81.0404784952978,326.8623658934169,,,,,,,,
"Baty, Brett",b683146_l,94.9888740425532,160.47036574468086,83.03766978723405,331.9120340425532,84.87425723404252,72.79442978723401,73.30868276595749,302.7535734042553,,,,,,,,
"Bauers, Jake",b641343_l,124.99210576271189,237.42956203389824,77.81860610169488,333.89525423728816,67.30086408376964,121.42423685863872,72.22393549738221,321.1184837696335,,,,,,,,
"Bazzana, Travis",b683953_l,62.05489516265912,207.5557702970297,59.35158065063649,350.6791728429986,78.36338376237623,87.80256520509194,70.92148209335221,313.2644123338048,,,,,,,,
"Bell, Josh",b605137_s,136.27942747826086,139.613196057971,92.01185159420294,341.3031995362319,67.15533310144924,89.65513507246376,82.93184672463768,321.19782307246385,143.76442530351437,341.3117449201278,110.11227143769968,153.1852278594249,141.23634146964858,323.01983948881787,159.32263923322685,129.76711923322685
"Bellinger, Cody",b641355_l,88.86788104607723,221.67138470734744,44.9699680199253,346.13532353673725,96.476021120797,129.51531397260274,60.681562739726,336.5976117559153,,,,,,,,
"Benge, Carson",b701807_l,108.02708891191708,157.2911018445596,83.38632903626946,340.8692528082902,50.574313948186514,65.3895285388601,87.17920795854921,299.80262731606217,,,,,,,,
"Benintendi, Andrew",b643217_l,82.50251761589408,191.17897642384105,61.15310283443709,327.19489843708607,74.04611034482757,66.42072551724135,67.72289379310344,304.7583117241379,,,,,,,,
"Betts, Mookie",b605141_r,150.7291746666667,326.50504586666665,108.84786160000004,173.6082048,146.93746639999998,293.30413439999995,162.35594133333336,81.62628879999998,,,,,,,,
"Bichette, Bo",b666182_r,154.46387908172633,326.8428040404041,161.26570637281915,142.39992139577595,136.3573874012856,289.9499280808081,148.5111883930211,106.47797568411386,,,,,,,,
"Bleday, JJ",b668709_l,153.1663382316314,154.9949901867995,77.61046515566625,328.9596807970112,77.05262625155666,80.41790087173099,72.73981489414693,313.71818161892907,,,,,,,,
"Bogaerts, Xander",b593428_r,144.950079317212,322.0309225604552,132.7188715789474,151.0790896159317,130.93332268188303,310.08722807417973,156.65163845934384,79.26595766048501,,,,,,,,
"Bohm, Alec",b664761_r,146.27759483275662,332.2475388235294,123.79886209919265,124.11165508650518,143.08017181084196,315.94014929642447,143.18119455594,56.854883875432506,,,,,,,,
"Bolte, Henry",b703607_r,168.96026894656487,319.57400280916033,135.0172475114504,155.01084604580154,160.06186381679393,309.19225917557253,148.9128129465649,81.47573911450382,,,,,,,,
"Bregman, Alex",b608324_r,151.54794041493778,346.7676355186722,161.81940116182574,185.7412982572614,168.53374486486487,336.0106767567568,168.0310032432433,100.70493837837836,,,,,,,,
"Burger, Jake",b669394_r,129.3139769863014,308.5387747945206,143.52614575342471,159.72070794520548,140.94150808870114,300.6015608025343,104.92077972544875,67.46759636747622,,,,,,,,
"Burleson, Alec",b676475_l,93.82324792626726,226.85735004608296,46.34652711520737,328.28786565898616,86.07969931797231,94.446971281106,43.46065651612904,314.4295541382488,,,,,,,,
"Busch, Michael",b683737_l,72.60691730158736,173.74636698412698,72.72819904761903,335.6787374603175,56.35012282587064,91.41321154228856,72.29643144278606,313.29554754228855,,,,,,,,
"Butler, Lawrence",b671732_l,88.60192120754711,140.034605081761,91.4141256855346,329.09466143396224,94.51413984886652,58.90166246851385,93.92118790931993,305.4100280100756,,,,,,,,
"Buxton, Byron",b621439_r,139.72610517647055,316.884193882353,152.3776072941176,141.06726305882353,141.04884752941177,311.5955063529412,165.18664494117647,94.94820917647058,,,,,,,,
"Caballero, José",b676609_r,181.02005072625693,272.21558703910614,121.37233810055864,125.37613363128492,155.88642301675978,243.79284312849165,161.05408134078215,42.693368044692775,,,,,,,,
"Caglianone, Jac",b695506_l,122.76786851305332,101.08842079455164,86.22959691259932,311.90039191827464,71.02862467502851,50.020042873432175,105.62648848346636,273.40240419612314,,,,,,,,
"Caminero, Junior",b691406_r,153.2331547826087,339.67130302277434,75.38256380952382,202.19337358178052,126.31261875518672,291.66553991701244,148.3163993360996,53.1752622406639,,,,,,,,
"Canzone, Dominic",b686527_l,106.8348311864407,182.9260338983051,81.35207864406779,342.41408271186447,71.75703050847456,78.19465220338982,93.1480108474576,300.1839538983051,,,,,,,,
"Carroll, Corbin",b682998_l,103.754472,202.98401533333333,88.96997499999999,340.6650024999999,75.64186366666668,50.13205416666668,87.79379999999999,301.6600061666667,,,,,,,,
"Castro, Willi",b650489_s,72.1936378494624,170.8715753405018,54.94822365591399,342.2533132616488,57.20932530465952,126.4467564157706,44.11431254480287,329.15859125448026,149.03162296529968,344.6617584858044,160.17929438485808,183.3594907255521,165.80166561514196,338.0187174763407,169.25997728706628,127.1163497791798
"Chisholm Jr., Jazz",b665862_l,79.42624627824024,181.178786587396,79.14185512485138,325.9334582639715,72.0089044470868,111.66893355529132,78.55047476813318,310.91702563614746,,,,,,,,
"Chourio, Jackson",b694192_r,129.7845479802956,333.6565694581281,141.7014135960591,115.0759757635468,111.98076389642416,310.06231615289767,129.46811383477186,72.08140902589395,,,,,,,,
"Church, Nathan",b701675_l,101.91149705505764,166.212496184379,69.05623252240719,337.15104819462226,71.89821029449425,96.48216338028168,111.35235072983356,308.1276816389244,,,,,,,,
"Clemens, Kody",b665019_l,147.96165469478362,195.52397460599332,61.35462623751391,347.791519644839,56.30036244173138,94.57005496115428,70.09896932297447,318.3919685682575,,,,,,,,
"Clement, Ernie",b676391_r,156.7368418708241,321.91303429844095,155.64782521158128,168.22176481069042,119.05342628062364,276.8096055233853,168.4701751447662,74.63901630289533,,,,,,,,
"Collins, Isaac",b686555_s,124.8737669868996,148.8168461135371,88.06862113537119,330.3944880349345,49.986912631578925,64.3049192982456,79.47356736842104,312.6063515789474,158.47183407407408,335.2882903703703,85.84135407407406,159.88441333333333,141.20860874418602,299.43076762790696,171.31083311627907,78.87488148837207
"Contreras, William",b661388_r,143.7703382488479,337.0507465437788,166.0304143778802,171.4018805529954,122.8828607630058,308.1778892947977,132.4074933641619,74.88111685549134,,,,,,,,
"Contreras, Willson",b575929_r,165.4097134883721,320.228334511628,129.80106399999997,144.40012744186046,161.6612124651163,298.1581946046512,172.41945618604652,91.99109786046512,,,,,,,,
"Cowser, Colton",b681297_l,88.61326650927488,181.8563129848229,74.82646529510961,329.05477018549755,65.37541881956155,62.82937929173696,70.3739920404722,292.3586174704891,,,,,,,,
"Crawford, J.P.",b641487_l,163.98838290375204,201.9016634257749,77.25024861337685,353.34091223491026,65.606228776509,74.25739406199023,92.81101024469817,322.7802933768353,,,,,,,,
"Crawford, Justin",b702222_l,100.77972654545457,102.4533381818182,104.23646545454544,338.5364072727273,94.2185309090909,68.95095272727275,87.18730763636363,336.9896290909091,,,,,,,,
"Crews, Dylan",b686611_r,140.8651919047619,339.04399071428577,123.75747357142856,200.8119171428572,130.76249571428568,300.6204292857143,162.6796035714286,88.92036619047619,,,,,,,,
"Crow-Armstrong, Pete",b691718_l,62.26479735422107,209.01957402959096,63.02823157528288,342.4119128285466,56.46786034843207,81.25333505226477,65.82071080139374,309.8627867595819,,,,,,,,
"De La Cruz, Elly",b682829_s,130.39346237942124,161.12877221864952,67.83809774919612,345.3111470096463,83.53142353697748,65.98659935691317,97.37376334405144,300.0731835369775,149.96712650406502,343.8430842276423,108.95554666666663,165.37044292682927,126.8316669918699,314.01449756097566,128.41626341463416,76.94335219512195
"DeLauter, Chase",b800050_l,127.5857878447122,166.6390232931727,72.85757408299865,330.3655689424364,75.95638198391424,62.67084504021449,124.52498702412868,265.8817760857909,,,,,,,,
"Devers, Rafael",b646240_l,216.92343438077637,220.26202247689463,52.31551393715343,304.5263846210721,82.10829012939001,57.146090646950086,48.678157190388205,290.96158964879857,,,,,,,,
"Dingler, Dillon",b693307_r,170.65373219616205,339.6457408955224,99.75256818763329,149.2366179957356,155.61728136460556,310.324918891258,165.90685509594886,86.76701560767592,,,,,,,,
"Dubón, Mauricio",b643289_r,168.16497128834354,334.82962437627816,82.54089930470346,211.8876939059305,96.60259520982603,311.43315602865914,148.7248872876152,116.07696720573183,,,,,,,,
"Duran, Ezequiel",b677649_r,160.83665299999998,327.37,135.09329249999996,181.2260865,126.38705816666672,302.5887478333333,160.45759683333338,75.059526,,,,,,,,
"Duran, Jarren",b680776_l,93.95019785939138,206.84962400839453,94.17359815320044,346.86757187827914,75.73235525708292,43.483270178384,110.92307861490028,300.82846992654777,,,,,,,,
"Durbin, Caleb",b702332_r,159.00086666666664,324.56044266666663,149.64044266666664,170.46497333333332,166.82806400000004,320.9970186666667,151.19223733333334,108.18056,,,,,,,,
"Díaz, Yandy",b650490_r,149.62775203187252,337.07115107569723,74.81288254980079,199.3738914741036,140.1173953784861,309.8535244621514,135.04982549800795,71.50374725099601,,,,,,,,
"Edwards, Xavier",b669364_s,96.82302660347553,144.8044387993681,59.41230104265402,309.351894849921,81.84895545023694,60.25336214849919,76.77655178515008,287.61581598736177,182.228046185567,278.1994432989691,159.23488989690722,126.1992725773196,153.1184783505155,251.61953072164948,141.91798927835055,29.43739381443301
"Eldridge, Bryce",b805811_l,86.11913586107093,100.373813024602,82.312467959479,312.7016699276411,70.16543953690307,79.89581568740955,73.51489574529668,302.3520805788712,,,,,,,,
"Ewing, A.J.",b805999_l,49.54342395415473,140.1555293982808,58.86213088825217,322.56527449856736,55.72811025787966,68.99402406876789,91.10286097421204,283.13452676217764,,,,,,,,
"France, Ty",b664034_r,180.57012710559007,330.34903155279505,90.51865878260868,186.73943652173912,149.23969431055903,297.52738086956526,136.61924392546587,78.74603289440992,,,,,,,,
"Freeman, Freddie",b518692_l,84.97718673873875,169.40019315315317,93.23773246846852,350.9093019099099,57.66195214414414,115.4572108108108,71.59857989189192,338.65925809009013,,,,,,,,
"García Jr., Luis",b671277_l,106.23369452873564,181.92600239080463,69.68568459770117,339.0370045057472,93.4029204597701,102.20716689655173,79.59431448275865,324.5259131954023,,,,,,,,
"Giménez, Andrés",b665926_l,103.92442109263662,138.69870631828977,76.87708427553449,322.7265976247031,55.122300047505945,86.73258660332542,67.76122242280285,306.0762742042756,,,,,,,,
"Goldschmidt, Paul",b502671_r,138.77033531914896,311.60873872340426,129.9820765957447,114.11186042553192,130.53347404255322,302.0016476595745,129.12686978723403,90.80347914893618,,,,,,,,
"Gonzales, Nick",b693304_r,151.8671403361345,333.5962265546218,101.15072100840332,194.887303697479,155.93153025210083,317.7062850420168,164.20285126050422,117.5636751260504,,,,,,,,
"Goodman, Hunter",b696100_r,151.16492180645164,340.12114701075274,119.92584688172045,238.545695655914,133.91629815053764,302.5933039139785,155.97230726881725,50.37734830107527,,,,,,,,
"Greene, Riley",b682985_l,88.01181456140353,186.9171903508772,65.57188280701757,334.50026964912286,50.66554228070178,102.01171350877192,76.94711771929828,312.55975,,,,,,,,
"Grisham, Trent",b663757_l,130.35644344213648,202.55344949554896,93.58612320474776,343.4048002373887,72.25146136498515,137.1588296735905,80.05858089020771,341.8396588724036,,,,,,,,
"Grissom, Vaughn",b687093_r,160.17663393939398,327.2216707878788,119.59926593939396,125.27107975757576,156.22397527272727,293.8560756363637,177.32283030303032,62.32293672727273,,,,,,,,
"Guerrero Jr., Vladimir",b665489_r,145.2039006060606,326.0480727272727,118.10656727272728,163.7095175757576,138.6481115151515,306.3651563636364,137.79215757575764,73.84509090909089,,,,,,,,
"Happ, Ian",b664023_s,75.06344331994647,194.0616514056225,75.43030575635878,338.51209360107094,66.35376214190093,109.59441070950469,63.10741119143238,321.12024738955824,156.45756154506444,331.0718777682404,146.90695141630906,187.7340696995708,164.29774214592274,315.69475021459226,142.10695416309014,114.77908738197424
"Harper, Bryce",b547180_l,111.68477086916744,136.28777515096067,70.16192307410797,300.7807900457457,77.85251469350412,54.822517987191205,62.74023568161027,263.9093512900274,,,,,,,,
"Harris II, Michael",b671739_l,129.82693371081905,214.74386459049543,83.50443777553085,331.4132770879677,76.84724109201214,89.59837007077857,86.72151215369061,312.10046657229526,,,,,,,,
"Henderson, Gunnar",b683002_l,89.91631,159.78447647058826,73.94225985294119,336.4530598529412,76.8226768721251,58.70103742410302,85.2145756025759,296.0595236798529,,,,,,,,
"Hernández, Heriberto",b681715_r,157.97911619047616,320.24915204481795,128.11020549019608,140.57739159663865,139.53408112044815,308.90472134453785,141.4414469467787,72.31905703081233,,,,,,,,
"Hernández, Teoscar",b606192_r,144.1563972640219,336.6269774008208,132.21140968536255,172.59518402188783,128.7232041586867,319.9469594528043,131.70309581395355,115.59595666210672,,,,,,,,
"Herrera, Iván",b671056_r,166.37721499509323,343.80465868498527,48.76485401373895,194.05044961727185,145.6510519332679,311.3830924435721,161.307718155054,79.72380482826298,,,,,,,,
"Hicks, Liam",b689414_l,124.82449246753244,225.5491841847042,55.5352053102453,329.2039161904762,32.922060606060626,98.35023284271284,49.50220582972584,308.3217516883117,,,,,,,,
"Hoerner, Nico",b663538_r,165.4518371277719,346.6319717845829,131.68242652587116,176.41990504751848,122.69271484688488,314.2254334107709,151.7320780570222,91.06970120380146,,,,,,,,
"Jensen, Carter",b695600_l,97.46084959999996,142.4825208888889,64.94677955555555,320.09592106666673,73.93839306666666,25.55001688888888,87.68481955555556,267.9216563555556,,,,,,,,
"Johnston, Troy",b687859_l,137.5320472622478,274.0170439193083,62.22575216138328,350.1260991354467,60.551768760806894,117.89203412103744,75.88987458213256,325.7646026512968,,,,,,,,
"Jung, Josh",b673962_r,153.23521251247922,303.4549023627288,149.66310841930115,164.99300206322795,135.91633650582364,270.2266185690516,153.47210409317805,58.27446282861895,,,,,,,,
"Karros, Kyle",b691720_r,156.5559232,306.9139072,113.84033920000005,111.66776,171.65922880000002,299.5432,153.1594816,101.0218208,,,,,,,,
"Keaschall, Luke",b807712_r,173.95131733333335,320.82003330612247,117.45122459863944,137.1527619047619,145.76825404081632,281.6249038367347,163.29068059863943,72.28591869387753,,,,,,,,
"Keith, Colt",b690993_l,92.03998657894736,133.32564368421052,81.38425947368418,328.1217626315789,62.46584184210526,76.86226815789475,82.15784842105265,306.3249636842105,,,,,,,,
"Kelly, Carson",b608348_r,149.8144413071895,341.87062823529413,157.56913333333327,201.7706308496732,151.09267540983606,328.9879399344262,164.14822845901642,125.93714990163934,,,,,,,,
"Kurtz, Nick",b701762_l,137.5820963363364,124.8028944144144,89.63983591591592,286.26159207207206,93.29547027027029,61.87765069069067,78.37177321321323,278.58830654654656,,,,,,,,
"Kwan, Steven",b680757_l,59.26762522327466,264.61328000000003,51.546186738836255,314.4950068741543,50.15706102981029,108.48211035230352,41.33377994579948,302.31869701897017,,,,,,,,
"Langeliers, Shea",b669127_r,161.86032460606063,328.10371999999995,81.41037454545452,159.8214303030303,165.70383054545454,310.4576208484849,141.84048218181815,76.24836024242427,,,,,,,,
"Langford, Wyatt",b694671_r,160.647729512894,332.6536022922636,156.38798189111753,174.9839076217765,163.14809214899716,312.7960061891117,148.31677730659027,63.79224504297993,,,,,,,,
"Larnach, Trevor",b663616_l,73.49322848297211,149.8170625386997,71.30494291021672,346.7581500928793,37.5376079256966,101.697093250774,76.71675195046437,326.8140411145511,,,,,,,,
"Lee, Brooks",b686797_s,74.31181057750761,141.70323185410334,64.73260765957444,330.83784996960486,75.71574891933028,84.820039695586,71.21212152207,307.89951415525115,143.0604544,332.6430272,149.06021760000004,126.7957888,134.49493120000002,305.5371584,160.9421184,86.15270399999999
"Lee, Jung Hoo",b808982_l,131.76112094786728,193.88206672985785,44.71618919431278,309.5138062559241,66.39161781990525,67.30095829383887,43.098848720379166,293.3508335545024,,,,,,,,
"Lewis, Royce",b668904_r,132.16942658322907,297.1497229536921,142.99568340425532,148.8564848060075,120.9248060075094,311.3223587484356,147.65365466833543,75.75867514392993,,,,,,,,
"Lile, Daylen",b695734_l,92.12009032727278,195.22947956363635,63.11123607272727,330.7390138181818,68.4264302820746,98.51657768880798,52.05711985441307,317.7013717197452,,,,,,,,
"Lindor, Francisco",b596019_s,93.64815314285715,184.5476744489796,64.61968587755098,327.6991069387755,79.59619951020409,79.52408946938777,63.13667134693876,311.7501720816326,169.52636253658537,327.0779223414634,146.68287921951216,188.21978068292685,163.57850614634145,309.4466653658536,163.71839375609753,100.91510868292684
"Lopez, Otto",b672640_r,159.3190674535519,326.12354238251373,150.72781272131144,149.85137136612022,152.0885578142077,305.5498418360656,119.5717018579235,68.13564572677593,,,,,,,,
"Lowe, Brandon",b664040_l,66.4108742488479,214.75126886635945,62.306790783410136,331.1249281474654,64.89225378801844,72.2485058064516,75.2657658986175,307.3497555760369,,,,,,,,
"Lowe, Josh",b666139_l,104.24878432859396,145.42387791469196,83.22052979462876,326.3411771248025,80.69196941548186,65.3594302685624,79.64382357030019,307.96554363349134,,,,,,,,
"Lowe, Nathaniel",b663993_l,131.94663832835826,166.3616487164179,87.40882459701494,336.2388405970149,71.46345146268656,75.21633432835819,111.32672597014928,295.39103068656715,,,,,,,,
"Lukes, Nathan",b664770_l,89.44965835021709,160.0427188422576,95.92735930535456,337.0745470332851,68.33743259044863,84.23140862518088,93.10463374819103,325.9100311432706,,,,,,,,
"Machado, Manny",b592518_r,153.686086984127,319.14074825396824,55.19671269841275,213.35422634920636,131.0856241269841,292.34453952380954,129.51334841269846,79.7613626984127,,,,,,,,
"Mangum, Jake",b663968_s,83.20570264150943,173.5974570154374,89.4368367753002,336.06791245283017,59.802816329331066,97.73426634648372,74.3742759519725,327.893127135506,145.96278672985787,325.4415393364929,148.15686142180093,161.80141345971563,145.3495317535545,321.6955480568721,166.32828360189572,90.102423507109
"Manzardo, Kyle",b700932_l,95.00042378378384,138.76205783783783,88.746425945946,327.9350467567567,76.60923614213202,61.86404818950933,93.89651736040612,299.09775485617604,,,,,,,,
"Marsee, Jakob",b805300_l,89.03714499332443,202.31438077436584,88.82735935914553,346.311633858478,50.09480459279038,92.17134376502004,76.74041271028035,321.91982654205606,,,,,,,,
"Marsh, Brandon",b669016_l,117.65739138121548,149.97066006629834,94.0767715359116,335.09113812154703,73.71586528176795,79.77556013259668,84.82255504972373,320.0133077569061,,,,,,,,
"Marte, Ketel",b606466_s,60.84129565217391,219.0717801242236,33.78380298136645,325.8750322981367,87.46688795031056,97.80499925465836,27.378245962732898,320.53657341614905,163.15454557939916,323.44963296137337,173.70251124463522,213.2086956223176,155.64675433476395,295.09858128755366,154.95836360515017,75.44402884120173
"Martínez, Angel",b682657_s,93.8298688151659,187.14136834123224,46.277791090047394,348.0995165876777,40.30943810426543,82.1980587677725,75.08302104265404,296.1981785781991,191.0572386602871,343.4682296650717,132.49887923444976,189.03782354066988,130.48048306220096,299.72586947368416,169.14122411483257,77.57875444976077
"Massey, Michael",b686681_l,99.21103372549024,146.20814117647058,83.37306039215684,316.8878117647059,66.02267607843137,75.76190431372547,79.92367999999996,298.0744721568627,,,,,,,,
"Mayo, Coby",b691723_r,179.65278615146838,306.7271268006183,127.41391406491496,159.1053057187017,183.8618890402477,295.6111819195047,138.1342320743034,86.98057808049538,,,,,,,,
"McCarthy, Jake",b664983_l,125.17627981481482,218.82860166666663,69.04431648148145,325.15773222222225,79.90850796296296,106.06256203703704,61.69273703703705,308.1075509259259,,,,,,,,
"McGonigle, Kevin",b805808_l,71.512993556231,136.15384137791287,81.914652077001,330.6194225734549,51.47377199594733,53.58363671732526,90.28701454913885,292.8581521377913,,,,,,,,
"McKinstry, Zach",b656716_l,73.60507350000002,166.03405575,62.14896324999998,337.41225625,67.40203743348982,100.30328938967136,68.12084181533648,311.4072743661972,,,,,,,,
"McLain, Matt",b680574_r,167.34071320863308,305.97014446043164,138.935904,155.43458578417267,154.10109122302163,278.47956258992804,152.14835729496403,68.66226210071946,,,,,,,,
"McNeil, Jeff",b643446_l,62.8950375,162.2990775,59.86394249999999,336.608215,45.03845249999999,114.3907775,64.50523750000002,309.65771750000005,,,,,,,,
"Meidroth, Chase",b805367_r,146.15118601589103,338.58291287173665,81.0673792508513,204.4354731441544,128.56693212258796,302.7469965947787,151.13640535754823,90.08818851305335,,,,,,,,
"Merrill, Jackson",b701538_l,66.06369636866357,177.6970408110599,67.20025629493084,315.11834086635946,51.97204143778805,80.69104560368663,83.26511041474652,264.5603406451613,,,,,,,,
"Mitchell, Garrett",b669003_l,132.7842582345191,189.94838598155468,75.26421501976287,333.04078292490124,84.85396450331127,77.86840052980133,91.89839003973506,311.2651564503311,,,,,,,,
"Moniak, Mickey",b666160_l,91.58682703448277,138.05332171034482,81.27514526896556,317.7857344,74.16047734806634,87.98759491712708,71.67647756906078,308.9350145856354,,,,,,,,
"Montgomery, Colson",b695657_l,99.4431981556196,183.92757640730068,74.42797525456291,329.22189233429395,70.42846893371758,97.07398547550432,57.560797694524496,319.65537291066283,,,,,,,,
"Moreno, Gabriel",b672515_r,160.92787176029964,329.218077403246,107.3012156803995,182.4679360799001,147.01773023720352,299.2263834207241,146.30594696629214,78.46859305867666,,,,,,,,
"Mullins, Cedric",b656775_l,90.88538012642223,145.75248728192162,48.65636551201011,329.29746710493043,65.37670399999998,124.9015546329114,38.80838217721517,320.3222333164557,,,,,,,,
"Muncy, Max",b571970_l,86.97642250309791,216.48957521685253,78.34968822800494,343.4239567781908,47.54803271375465,58.53424118959106,88.25046503097894,308.65098329615864,,,,,,,,
"Murakami, Munetaka",b808959_l,88.50523202033042,179.55152406607368,64.01035913595933,331.92498459974587,79.19374332909786,66.69854983481576,59.53598841168994,320.72295298602285,,,,,,,,
"Naylor, Josh",b647304_l,85.87276781920905,117.14243633898305,78.7153985084746,335.254733559322,58.82101405649719,95.47065075706216,78.71782164971752,309.5964693333334,,,,,,,,
"Neto, Zach",b687263_r,188.2589556567426,281.3501930647986,166.57786437828378,70.48536462346763,159.4686156217163,247.1019366725044,176.09696252189144,42.76729190893167,,,,,,,,
"Nimmo, Brandon",b607043_l,109.04383953352766,185.60427988338196,77.70845760932949,328.9672934499514,74.54906614785996,61.42741369649804,80.44529758754861,312.14370599221786,,,,,,,,
"Nuñez, Nasim",b683083_s,72.16684840950634,154.8992424131627,89.25742508226693,336.7193129067641,64.62270361974406,68.57512043875687,89.17401974405847,304.5484016087752,136.64955809523812,338.55616076190483,149.60060876190477,164.5153401904762,141.35815314285716,304.65213104761904,151.1166316190476,81.31088304761906
"O'Hearn, Ryan",b656811_l,102.7820116385911,173.30960955589586,98.77789696784076,320.99001727411945,47.88848955589586,81.42931087289433,103.06718505359878,302.4285241041348,,,,,,,,
"Ohtani, Shohei",b660271_l,107.16506332979849,158.12411113467658,80.52240950159067,340.3636750795334,85.12290850477196,122.95031855779428,89.47288330858963,326.1417092682927,,,,,,,,
"Okamoto, Kazuma",b672960_r,145.3982996292683,318.44515730731706,155.73917689756098,188.8171384195122,152.61535781463417,301.0685146536585,127.27091902439028,67.42999024390244,,,,,,,,
"Olson, Matt",b621566_l,100.56423529411764,201.16668988235293,65.40812235294118,350.7116028235294,64.44475670588234,62.42932517647057,81.96440658823528,296.57062023529414,,,,,,,,
"Pages, Andy",b681624_r,150.67361205944795,339.5964232696391,110.51593528662424,215.05898683651805,135.58157808917198,309.3009318046709,156.99822522293,105.24242581740978,,,,,,,,
"Paredes, Isaac",b670623_r,192.65513778697,335.20368115822134,94.45629865563602,204.15604947259567,158.25220554865422,302.7541990890269,183.34954153209108,105.1519898964803,,,,,,,,
"Pasquantino, Vinnie",b686469_l,147.891595480226,150.6614465536723,82.11928384180793,334.2571444067796,79.58730983050846,81.15823774011297,68.30285740112996,328.5113089265536,,,,,,,,
"Pederson, Joc",b592626_l,93.37756587570622,207.89637175141243,53.48798101694914,331.21899887005645,62.20686214689263,99.99467073446328,57.752307118644055,303.708275480226,,,,,,,,
"Peraza, Oswald",b672724_r,151.65887803379417,336.1826069431644,132.86210015360984,145.77491784946238,133.5904611981567,322.3217649155146,165.52154764976962,105.3736081105991,,,,,,,,
"Perdomo, Geraldo",b672695_s,97.80062147909968,75.7646592926045,46.22661350482316,303.6094109324759,77.97126250803856,54.35199897106111,45.60489080385851,297.0189075241158,186.886216,309.875808,134.201544,90.7346,159.98168000000004,290.22083200000003,149.475024,73.09261600000002
"Perez, Salvador",b521692_r,166.6549319595216,337.80386458141675,93.26659620975158,172.5016147194112,170.0511146961326,332.7971471086556,142.54377163904235,110.40058799263352,,,,,,,,
"Peters, Tristan",b671976_l,91.63574838534602,156.4659378018996,84.59981394843963,330.29800075983724,54.53743848032565,61.086022252374505,85.38333047489823,300.11455913161467,,,,,,,,
"Peña, Jeremy",b665161_r,166.04475766536964,329.7727358754864,96.850660233463,158.89696435797666,169.1441815823606,320.01774360570687,148.8992367315175,82.90543771725032,,,,,,,,
"Rafaela, Ceddanne",b678882_r,159.9524651766953,325.23359862464184,137.95591289398283,194.8842400764088,143.8296322445081,311.5819387965616,160.58109004775548,109.26850383954152,,,,,,,,
"Raleigh, Cal",b663728_s,71.95010616178999,181.7454821342513,68.53119476764199,340.5294314629948,72.02811511187608,86.6092678829604,53.391300791738416,325.8200616867469,165.15247950617285,326.48434370370376,156.1546049382716,168.02802419753087,165.30867851851855,299.3746187654321,152.36347753086417,69.17145333333335
"Ramos, Heliot",b671218_r,154.49195461318052,327.278664756447,139.5434028653295,187.30097925501437,135.9493295839311,304.196255954089,144.00265388809186,80.69404281205169,,,,,,,,
"Ramírez, José",b608070_s,81.44610507666096,191.46102296422487,37.99991195911412,338.0563189097104,68.80257317324191,122.23510367066896,33.92540432246999,324.8110416466552,166.78808727272727,340.0850648803828,139.90873492822965,184.0437833492823,159.39102009569382,319.2033676555024,152.52059100478468,106.56278813397128
"Realmuto, J.T.",b592663_r,162.52777327354264,332.93673446935725,107.16462158445437,201.9780379073244,148.76469931240655,313.1705597608371,148.70748532137517,92.72870242152466,,,,,,,,
"Reynolds, Bryan",b668804_s,76.4022160479042,100.77996263473054,66.91527999999997,326.13421221556894,69.48100670658683,86.95612383233536,54.55250419161678,321.8325386826348,147.98834096256687,320.9294245989305,143.57339080213904,158.0273505882353,157.38974631016046,317.38104470588235,161.18710331550798,100.84128770053476
"Rice, Ben",b700250_l,154.30013081654295,179.55000805938494,67.68442231177096,341.92278837751854,59.63285407013814,142.21729581296495,73.49549483528165,336.01214469713074,,,,,,,,
"Riley, Austin",b663586_r,161.41601304174952,339.1973741550696,137.96964103379722,176.052065526839,126.52851833001988,301.4396283101392,145.2235479920477,70.2805816302187,,,,,,,,
"Rocchio, Brayan",b677587_s,80.36979478260868,118.09861565217392,48.3892660869565,328.662827826087,61.845972173913054,83.10637913043477,64.74362782608698,298.0662121739131,159.29464206451615,328.0835003870968,150.05043096774193,112.95743380645165,146.28622141935483,296.93705703225805,171.02831122580648,98.82763148387096
"Rodríguez, Julio",b677594_r,143.16353203125,303.5904853125,139.664978125,122.18101843749996,145.1464822678397,280.53255491691107,137.31475769305962,28.457442346041063,,,,,,,,
"Rumfield, TJ",b681198_l,142.358522701525,171.2450391285403,53.304029629629646,336.4738881045752,65.28220130718957,64.09261333333333,49.90326814814817,314.2992324183007,,,,,,,,
"Sanoja, Javier",b691594_r,167.40771450980392,291.06468078431374,125.0852768627451,146.6196674509804,150.64100392156865,270.91142901960785,145.97186196078434,58.46186039215689,,,,,,,,
"Schanuel, Nolan",b694384_l,64.12931469578785,165.391760374415,52.84924106084243,333.1190145397816,53.31989541341654,81.30141978159126,65.8372705148206,288.5475868954758,,,,,,,,
"Schmitt, Casey",b669477_r,151.89673396825395,342.21165391053387,166.56963324675326,186.0522922943723,138.7121812409812,308.7230055988456,169.86232727272727,81.98620051948052,,,,,,,,
"Schwarber, Kyle",b656941_l,89.3676466478873,128.56653641314554,67.48742550234742,291.6214608826291,65.29338095774649,57.28663361502348,64.06803440375585,279.2693642816902,,,,,,,,
"Seager, Corey",b608369_l,102.2182793199382,162.97325057187018,84.84407146831532,339.7146955177743,94.76986683153017,43.3321938794436,81.08549217928903,321.4530285007728,,,,,,,,
"Semien, Marcus",b543760_r,164.14354142340164,326.1430295778046,154.74652043425814,151.76263411338962,132.57670620024126,307.27925114595894,166.92990591073584,100.4433009408926,,,,,,,,
"Sheets, Gavin",b657757_l,120.80111467473526,262.09866384266263,62.12388986384264,326.28165180030254,77.97323497730714,88.82538093797277,57.10066154311652,311.8483618759456,,,,,,,,
"Simpson, Chandler",b802415_l,109.89848000000003,156.00559889196677,81.35041950138505,326.38341163434905,85.91245514563109,83.66692837725384,74.31508482662971,319.7885976144244,,,,,,,,
"Smith, Cam",b701358_r,142.55258909090912,334.38689350649355,135.4371004329004,147.0422322077922,138.59434683982687,318.29785939393935,139.50539584415586,69.60216865800865,,,,,,,,
"Soderstrom, Tyler",b691016_l,115.54786930930932,152.5044156156156,97.87832240240242,342.9167413813814,84.96408648648648,90.97781885885888,88.0145033033033,314.0485837837838,,,,,,,,
"Soler, Jorge",b624585_r,160.52232625407166,343.3544849511401,95.91251257328987,139.58618736156353,147.69556925081434,326.962546970684,147.64493107491862,97.61809850162868,,,,,,,,
"Springer, George",b543807_r,158.56878703797466,332.3830343291139,151.10271129113926,165.3495426835443,148.2458707848101,313.1465045063292,145.1159289113924,108.1801160506329,,,,,,,,
"Steer, Spencer",b668715_r,166.76074596721315,335.7330116721312,157.37721468852462,161.4423577704918,136.6955769180328,299.15628327868853,166.9693597377049,80.69592918032788,,,,,,,,
"Stephenson, Tyler",b663886_r,144.42233075332354,335.7493629542097,143.28214357459385,159.0204823633678,133.60769796159528,309.6886435450517,153.32460785819794,93.9143009748892,,,,,,,,
"Stewart, Sal",b701398_r,142.7366036025998,288.1962118477252,107.52746830083566,108.20640727948005,136.84016475394617,264.9726912534819,132.36268181986998,36.9870971959146,,,,,,,,
"Stott, Bryson",b681082_l,95.52108379146922,140.10730672985784,59.71663165876775,313.50314274881515,93.48734900473936,65.512976492891,62.50601023696683,293.0089520379147,,,,,,,,
"Stowers, Kyle",b669065_l,123.29827270072995,156.98550948905108,68.89028807785887,341.92497459854013,87.09361051094889,79.91563386861314,58.12051367396593,315.3845769343065,,,,,,,,
"Suzuki, Seiya",b673548_r,160.8398263829787,331.8239193729003,153.03026723404255,167.66502503919372,146.29919856662937,304.3579759014558,156.94884282194857,82.01092550951847,,,,,,,,
"Suárez, Eugenio",b553993_r,168.8268422902796,277.6059626098535,111.42448958721704,169.5782267909454,156.64572527296934,259.0217691611185,157.84971845539275,67.63480394141146,,,,,,,,
"Swanson, Dansby",b621020_r,164.89352259459457,340.24287827027024,136.9890408648649,212.9240067027027,143.37950679296344,316.9747299594046,144.39675345060897,127.07041190798378,,,,,,,,
"Tatis Jr., Fernando",b665487_r,137.99072799112096,322.9324215760266,82.57490628190905,203.8229829966704,116.28846739178692,293.2789696781354,156.13924972253054,79.38225047724751,,,,,,,,
"Taveras, Leody",b665750_s,100.49347674796743,166.98472585365857,70.50168617886177,327.35614178861795,80.67104228105904,76.99156953156822,84.96367511201628,300.95484513238296,134.74718206896554,330.8837924137931,131.28585586206896,166.61606137931034,118.21112827586208,310.5094303448276,141.21599103448276,81.3247648275862
"Torkelson, Spencer",b679529_r,153.400419602649,336.2551745695364,130.04892079470198,185.9806982781457,138.49436821192054,309.3950463576159,149.98694445916115,110.20731072847684,,,,,,,,
"Torres, Gleyber",b650402_r,156.74448745424294,332.1211681863561,78.68527148086528,208.6335339767055,151.61596885191352,320.1872564392679,134.2224897171381,112.1510346755408,,,,,,,,
"Tovar, Ezequiel",b678662_r,162.55977667034176,332.6832636824697,170.07608485115767,129.4447276736494,141.35407117971334,311.587084983462,161.03375382579932,91.32452868798237,,,,,,,,
"Trout, Mike",b545361_r,182.09683346285715,330.2882221714286,161.65924790857144,166.3001545142857,135.81718765714288,301.06284342857145,169.20295387428575,107.77066130285716,,,,,,,,
"Tucker, Kyle",b663656_l,73.1807347781218,162.98543950464395,71.01697023735814,352.86270002063986,60.04430727272727,108.89114479338843,68.94328429752066,328.2526119008264,,,,,,,,
"Turang, Brice",b668930_l,69.92773069143446,194.3632054489164,72.92599595459234,338.2606771517028,56.66096049535601,100.78581283797728,86.75049378740975,303.37913510835915,,,,,,,,
"Turner, Trea",b607208_r,137.79583461682242,337.5718265420561,148.18873151401868,120.29854504672898,134.21884112149533,322.3953670280374,129.00584209345794,85.03071042990653,,,,,,,,
"Vargas, Ildemaro",b545121_s,112.06226684095856,61.60542954248368,67.17399076252723,231.5000697167756,63.07407511982569,12.523320610021813,61.57413228758168,222.61945760348584,155.19939853061226,314.64516702040817,128.5370416326531,168.29623118367346,138.9618827755102,287.3684715102041,164.25049730612244,69.58921991836735
"Vargas, Miguel",b678246_r,163.6341798003992,336.96090075848304,149.07791632734532,211.0964867065869,159.01480495009986,312.30556263473056,157.37213221556888,75.63626043912174,,,,,,,,
"Varsho, Daulton",b662139_l,65.58582936416184,181.2550220578035,74.3585744277457,334.91144638150286,77.51385507514449,107.5450545202312,84.11521479768784,312.9912473526012,,,,,,,,
"Walker, Christian",b572233_r,159.11012890207715,330.8772719287834,124.10175999999998,198.30606274975275,166.61131104950493,310.80881964356433,155.95939215841582,96.51920031683169,,,,,,,,
"Walker, Jordan",b691023_r,120.6942215384616,326.52899692307693,119.47076512820516,207.7818543589744,110.23656205128206,308.0381005128205,122.93862974358976,66.62300512820514,,,,,,,,
"Ward, Taylor",b621493_r,161.5447238605898,338.79820868632714,99.86043345844502,265.2673201072386,142.54986552278822,307.4047408042896,158.75018252010727,91.242555924933,,,,,,,,
"Wells, Austin",b669224_l,85.31858594594594,168.37039054054054,61.838298648648646,339.12478270270265,68.96309972972973,98.4439035135135,58.580171891891936,319.36398162162163,,,,,,,,
"Wetherholt, JJ",b802139_l,134.6209603703704,233.98976259259263,75.22465851851851,338.3140187037037,36.487034629629655,103.81481148148148,74.0096688888889,299.3838407407408,,,,,,,,
"Winn, Masyn",b691026_r,173.73160430344828,336.54753809655176,120.73630565517246,253.28798984827583,137.855379862069,311.08532568275865,155.86213208275862,100.69852711724138,,,,,,,,
"Witt Jr., Bobby",b677951_r,170.19677291479823,336.9360389237669,123.24348251121076,175.93340340807174,137.87023838565028,310.05663964125563,149.96421883408075,84.88893058295962,,,,,,,,
"Wood, James",b695578_l,138.89573273408237,186.55608129837705,84.1493640948814,349.66452933832704,89.10275036204747,74.27326162297132,94.30212973782766,320.66833997503124,,,,,,,,
"Yelich, Christian",b592885_l,77.17305820689656,149.32107762758622,75.87697434482759,324.3169143172414,92.47587208852008,57.49627020746887,77.68859972337482,315.53011208852,,,,,,,,
"Young, Cole",b702284_l,103.08746180310877,224.6083296165803,49.48199494300517,330.98458412435235,50.37052846473029,80.81213593360995,49.14235103734441,309.69403269709545,,,,,,,,
"Young, Jacob",b696285_r,148.8745633440515,342.2297875241157,124.2055192282958,174.13403909967843,141.67572347266884,322.2904962057878,146.90388372990355,94.00005942122188,,,,,,,,
