name,uid,x1,y1,x2,y2,x3,y3,x4,y4,x5,y5,x6,y6,x7,y7,x8,y8
"Abrams, CJ",b682928_l,99.44048761904763,175.0587657142857,75.88200952380959,341.3708095238095,63.59775530705775,64.99169921173237,81.45414731439047,315.80755549037576,,,,,,,,
"Abreu, Wilyer",b677800_l,139.32977471264377,162.62578022988504,60.55582344827587,329.6238197701149,93.56919540229887,115.29499034482757,49.54607264367817,324.04357333333337,,,,,,,,
"Acuña Jr., Ronald",b660670_r,164.72914126451616,339.0832328258065,108.02964562580642,166.3503279483871,125.5918210064516,307.2182313290323,171.39056536774197,77.8061987096774,,,,,,,,
"Adames, Willy",b642715_r,147.04632656361477,333.67860908442333,152.20278506539833,152.65826929845423,131.6025986206897,304.79103980975026,135.92621374554105,83.25855733650418,,,,,,,,
"Adell, Jo",b666176_r,165.86888844635195,339.5141049957082,129.77774255793994,125.23719704721032,157.5538358111588,305.6598393133047,143.98671890128756,73.87218266094419,,,,,,,,
"Albies, Ozzie",b645277_l,157.49191148936174,178.4525825531915,40.367609361702144,352.60280638297877,51.47288978723404,123.75323212765957,54.97033510638295,327.1852091489362,219.1369022222222,335.5593885185185,83.8369514814815,236.6078759259259,180.82362542923428,307.19353911832945,158.75448761020886,130.64937911832945
"Albies, Ozzie",b645277_r,157.49191148936174,178.4525825531915,40.367609361702144,352.60280638297877,51.47288978723404,123.75323212765957,54.97033510638295,327.1852091489362,219.1369022222222,335.5593885185185,83.8369514814815,236.6078759259259,180.82362542923428,307.19353911832945,158.75448761020886,130.64937911832945
"Alonso, Pete",b624413_r,160.0144220840951,323.28068197440587,160.9074113345521,136.1564650822669,158.93838142595976,302.39798771480804,146.33078844606948,67.22407297989031,,,,,,,,
"Altuve, Jose",b514888_r,108.18928811153364,250.4237625348543,75.20581860583013,99.47540765525983,94.16718032953105,218.28377125475285,201.41570798479083,37.5484903422053,,,,,,,,
"Alvarez, Francisco",b682626_r,153.20354452380954,328.12714785714286,113.75325857142859,143.07498928571428,141.81390714285718,313.83766238095245,128.0652742857143,83.64743309523809,,,,,,,,
"Alvarez, Yordan",b670541_l,106.2911081237114,129.59341872164947,74.29878680412372,337.0970042061856,75.23891035051547,78.57222812371131,90.483303257732,310.45232428865984,,,,,,,,
"Antonacci, Sam",b803011_l,72.54624288288286,128.31280741312742,47.64034697554699,341.80225132561134,44.405004684684656,93.90859819819819,53.02035397683397,313.30585245817247,,,,,,,,
"Aranda, Jonathan",b666018_l,117.15017813333336,154.48817325714288,74.67811337142861,322.8163827809524,56.83858925714286,89.15515931428573,71.61014902857141,318.0427590095238,,,,,,,,
"Arenado, Nolan",b571448_r,142.23379140676118,351.1508021810251,145.66430115594332,192.03680401308617,125.48560191930207,332.94580292257365,142.4551220065431,99.19276946564887,,,,,,,,
"Arozarena, Randy",b668227_r,164.23468923076925,297.5458461538462,173.96249230769232,186.29590564102563,149.34818666666666,272.1720307692308,177.5207035897436,33.50303179487179,,,,,,,,
"Arraez, Luis",b650333_l,125.43752332994924,220.6086648527919,55.66640243654825,351.4972556345178,78.14618298477157,98.66477303553299,74.63171573604062,321.3907169137056,,,,,,,,
"Baldwin, Drake",b686948_l,129.2923344325897,175.05409862269642,78.19171755577109,335.73568838021345,64.31130661493692,56.483008651794364,75.62227802133849,301.334181028128,,,,,,,,
"Basallo, Samuel",b694212_l,126.63887642324892,205.62602992548435,67.50618444113265,351.78390700447096,64.70855034277197,118.79350986587184,81.86874253353206,326.71267195230996,,,,,,,,
"Baty, Brett",b683146_l,95.12706921914356,159.28628715365238,83.27890196473552,331.69166105793454,85.37255294710332,73.09886226700252,73.43970821158689,303.0642307304786,,,,,,,,
"Bauers, Jake",b641343_l,124.89014040404041,237.5699682828283,77.72637414141414,333.8146725252525,67.40224912547527,121.44267518377694,72.04267112801017,321.1543207097592,,,,,,,,
"Bazzana, Travis",b683953_l,61.546733262032106,208.2022173262032,59.02080128342247,350.56895465240643,78.37747037433155,87.78559486631016,70.62015208556153,313.11045155080217,,,,,,,,
"Bell, Josh",b605137_l,136.22542594900852,139.52003535410765,91.85504271954673,341.24423932011337,67.0072890651558,89.66559660056656,82.81312362606232,321.30153518413596,143.68945329376854,340.7094998219585,111.04535928783382,152.3842074777448,141.03666943620178,322.3187323442137,159.79254789317503,129.5384750148368
"Bell, Josh",b605137_r,136.22542594900852,139.52003535410765,91.85504271954673,341.24423932011337,67.0072890651558,89.66559660056656,82.81312362606232,321.30153518413596,143.68945329376854,340.7094998219585,111.04535928783382,152.3842074777448,141.03666943620178,322.3187323442137,159.79254789317503,129.5384750148368
"Bellinger, Cody",b641355_l,88.88564301886791,221.6343283018868,45.07691358490568,346.1092032075472,96.18756150943392,129.3515962264151,60.65211792452831,336.4728084905661,,,,,,,,
"Benge, Carson",b701807_l,107.75325596837948,157.15672490118578,83.49270324110674,340.5996200790514,50.835077470355756,65.2607546245059,87.44917976284589,299.431703083004,,,,,,,,
"Benintendi, Andrew",b643217_l,82.47487180537773,191.7883466325224,60.922369884763114,327.3138519846351,73.71972800000002,66.50067200000001,67.91307733333335,304.68164533333334,,,,,,,,
"Betts, Mookie",b605141_r,150.55879598746083,326.22262244514104,108.5621354231975,173.3244273354232,146.55957216300942,293.0348368652038,161.90767373040757,81.34968652037617,,,,,,,,
"Bichette, Bo",b666182_r,154.07573794066317,326.8768131239093,161.4294036998255,142.11219183246075,136.19339895287962,290.0721895986038,148.438157486911,106.49897452006982,,,,,,,,
"Bleday, JJ",b668709_l,152.34364669856458,154.86161224880382,77.51296708133971,329.0686384688995,76.77979444976076,80.76479693779905,72.70797799043063,313.8978176076555,,,,,,,,
"Bogaerts, Xander",b593428_r,145.50381754385967,322.0325024561404,132.4605614035088,150.8759410526316,131.42225385656295,309.91290197564274,157.01076286874158,78.9413284979702,,,,,,,,
"Bohm, Alec",b664761_r,146.33053953281427,332.255990567297,123.69061873192433,124.40872827586207,143.01729850945497,315.9193327697442,143.01144026696332,57.01495830923248,,,,,,,,
"Bolte, Henry",b703607_r,168.31658924608826,319.3520630440968,133.29825365576102,155.709693314367,159.79767260312946,308.4955932859175,148.14356278805124,80.25437359886205,,,,,,,,
"Bregman, Alex",b608324_r,151.58110428571428,346.9433509523809,161.76313142857146,186.16805682539683,168.72154576540754,336.35365852882694,168.16201956262427,101.5401841749503,,,,,,,,
"Burger, Jake",b669394_r,128.99911263902928,308.5092929423661,143.31687571284127,159.44692368048536,140.70586472137794,300.6112983991895,105.02338253292807,67.39013300911856,,,,,,,,
"Burleson, Alec",b676475_l,93.70161909171861,226.78942646482636,46.1463512733749,328.20597015138026,86.02107925200357,94.23728683882457,43.312218842386464,314.29195184327693,,,,,,,,
"Busch, Michael",b683737_l,72.57622843930635,173.69690481695568,72.51284454720619,335.80229795761085,56.33753043478261,91.45136278260867,72.13550021256039,313.50177484057974,,,,,,,,
"Butler, Lawrence",b671732_l,88.4438544761905,138.51288133333333,90.44088723809527,329.1509158095238,94.44032781883197,58.24283232419549,93.468831466031,305.15751017878426,,,,,,,,
"Buxton, Byron",b621439_r,139.72610517647055,316.884193882353,152.37760729411764,141.06726305882353,141.0488475294118,311.5955063529412,165.18664494117647,94.94820917647061,,,,,,,,
"Caballero, José",b676609_r,180.98224382470121,272.33267378486056,121.56645822045155,125.32850804780878,156.08786464807437,244.169479309429,160.9692766002656,43.00562719787517,,,,,,,,
"Caglianone, Jac",b695506_l,122.85192138828631,101.3976923210412,86.130042516269,311.6887085466378,71.31455023965141,49.92615477124181,105.74552662309368,273.22046501089324,,,,,,,,
"Caminero, Junior",b691406_r,153.31784238095238,339.6525341269841,76.45321079365081,201.0373226984127,126.48782807157056,291.7412561431412,149.00309407554676,53.31422218687874,,,,,,,,
"Canzone, Dominic",b686527_l,108.47281917602996,182.76041887640451,81.20475665418229,342.6123062172285,71.89003625468165,78.72160519350814,93.00934352059924,300.58766681647944,,,,,,,,
"Carroll, Corbin",b682998_l,103.2818892736318,202.25894686567165,88.88709094527364,340.6334759800995,75.00781802985074,49.93536445771147,87.6785881791045,301.5015460298508,,,,,,,,
"Castro, Willi",b650489_l,72.1936378494624,170.8715753405018,54.948223655913964,342.2533132616487,57.209325304659515,126.44675641577061,44.11431254480287,329.15859125448026,149.03162296529973,344.6617584858044,160.179294384858,183.35949072555206,165.80166561514196,338.0187174763407,169.25997728706628,127.11634977917979
"Castro, Willi",b650489_r,72.1936378494624,170.8715753405018,54.948223655913964,342.2533132616487,57.209325304659515,126.44675641577061,44.11431254480287,329.15859125448026,149.03162296529973,344.6617584858044,160.179294384858,183.35949072555206,165.80166561514196,338.0187174763407,169.25997728706628,127.11634977917979
"Chisholm Jr., Jazz",b665862_l,79.42624627824021,181.17878658739596,79.14185512485135,325.9334582639715,72.0089044470868,111.66893355529132,78.55047476813318,310.9170256361474,,,,,,,,
"Chourio, Jackson",b694192_r,130.09091443274855,333.59099171929824,141.9998413099415,115.03208701754386,112.26606070257611,309.8889298360656,129.4245262763466,71.73977067915689,,,,,,,,
"Church, Nathan",b701675_l,102.10770319123023,165.88800545676006,68.55910197320341,336.6818167113276,72.03330747868453,96.40005203410476,110.80442640682097,307.87821485992697,,,,,,,,
"Clemens, Kody",b665019_l,148.36128746553555,195.48152873806998,61.4560023753977,347.9551677624603,56.42889603393425,94.7955488441145,70.33161162248146,318.67448500530224,,,,,,,,
"Clement, Ernie",b676391_r,156.78941197837838,322.0448908108108,155.7604910702703,168.16541145945945,119.14436670270271,276.93108497297294,168.75334711351357,74.8169925189189,,,,,,,,
"Collins, Isaac",b686555_l,125.04586452431289,148.72867010570826,88.14323010570826,330.482728794926,49.766636093418285,64.22271048832272,79.53933656050958,312.46413044585995,158.44305657657657,335.4024353153153,85.5429542342342,159.84901117117116,141.3388988235294,299.48926117647056,171.1185788235294,78.90623058823529
"Collins, Isaac",b686555_r,125.04586452431289,148.72867010570826,88.14323010570826,330.482728794926,49.766636093418285,64.22271048832272,79.53933656050958,312.46413044585995,158.44305657657657,335.4024353153153,85.5429542342342,159.84901117117116,141.3388988235294,299.48926117647056,171.1185788235294,78.90623058823529
"Contreras, William",b661388_r,143.5088665027933,336.8299666592178,166.1228867932961,172.20805524022347,122.72855192825111,307.9941960538117,132.32869632286992,74.89266744394618,,,,,,,,
"Contreras, Willson",b575929_r,165.3074554576271,319.1086195706215,129.82153907344636,142.83277722033898,161.53805830508477,297.0869967909605,172.3655323841808,90.70190644067796,,,,,,,,
"Cowser, Colton",b681297_l,88.59104904684975,180.9688656542811,74.77122326332795,329.0124120193861,65.3869588368336,62.809005234248815,70.3719594184168,292.5405663327948,,,,,,,,
"Crawford, J.P.",b641487_l,163.80539474006113,202.94464489296638,76.76127486238536,353.6155544954129,64.94557088685018,74.35355865443424,92.55718287461772,322.84593639143736,,,,,,,,
"Crawford, Justin",b702222_l,100.56226753387536,102.23032932249325,103.96049994579946,338.54953495934967,94.4532652574526,69.3002935501355,86.997144498645,337.06620747967474,,,,,,,,
"Crews, Dylan",b686611_r,140.6916528,338.9599472,123.60549577142856,201.06264777142857,130.43762422857145,300.3484852571429,162.62237942857143,88.6590496,,,,,,,,
"Cronenworth, Jake",b630105_l,78.28164530744337,178.97594744336573,86.46644194174759,331.34877074433655,61.8106043435981,81.6890588006483,75.75586826580228,316.2146346839546,,,,,,,,
"Crow-Armstrong, Pete",b691718_l,62.05517860465119,210.47197009966777,62.94036717607972,342.44051906976745,56.27930546965921,81.9167289775561,65.66999886949296,310.1651295760598,,,,,,,,
"Cruz, Oneil",b665833_l,99.27767655502394,126.88667712918661,62.92192051036682,335.11563968102075,79.781630877193,74.97262060606063,76.73176701754385,314.29458755980863,,,,,,,,
"De La Cruz, Elly",b682829_l,130.0015907644306,161.6013903276131,67.61167600624026,345.88376686427455,83.33724829953199,66.4605711076443,97.06829204368174,300.5564036193448,149.93032800000003,343.837032,108.873704,164.834432,126.82831200000001,313.433984,128.623144,75.83012000000002
"De La Cruz, Elly",b682829_r,130.0015907644306,161.6013903276131,67.61167600624026,345.88376686427455,83.33724829953199,66.4605711076443,97.06829204368174,300.5564036193448,149.93032800000003,343.837032,108.873704,164.834432,126.82831200000001,313.433984,128.623144,75.83012000000002
"DeLauter, Chase",b800050_l,127.28685750000002,166.24185749999998,72.81760770833328,330.32512479166667,75.99265898305084,62.524602033898304,124.71447864406784,265.5738006779661,,,,,,,,
"Devers, Rafael",b646240_l,216.92343438077634,220.26202247689463,52.315513937153405,304.5263846210721,82.10829012939003,57.1460906469501,48.678157190388205,290.96158964879857,,,,,,,,
"Dingler, Dillon",b693307_r,170.7746056441718,339.45614413087935,99.59047002044989,149.02270969325153,155.5834447443763,310.0307690797546,165.73188384458078,86.2406617586912,,,,,,,,
"Dubón, Mauricio",b643289_r,167.7637299412916,334.7884339726028,81.27410818003915,212.30765025440314,95.96537386875612,311.42321958863863,148.2740063467189,115.7112036043095,,,,,,,,
"Duran, Ezequiel",b677649_r,160.78557063492067,327.2811893650794,135.15520396825397,181.0233419047619,126.41510174603178,302.57937555555554,160.40402476190474,74.99908301587301,,,,,,,,
"Duran, Jarren",b680776_l,93.92702398348818,206.59901688338493,94.19579046439627,346.93439735810114,75.58348037151706,43.53451690402473,110.840950753354,300.88157886480906,,,,,,,,
"Durbin, Caleb",b702332_r,159.02942918918916,324.7839620638821,150.2858681081081,171.08877326781328,166.89081218673218,321.2065869287469,151.32551036855037,108.70868658476661,,,,,,,,
"Díaz, Yandy",b650490_r,149.75513411764706,337.15927128254583,74.76352617164896,199.66123834136934,140.35416794599806,309.935541292189,135.0548394214079,71.71137620057857,,,,,,,,
"Edwards, Xavier",b669364_l,96.30592656534955,144.6130823100304,59.16964133738604,309.07909009118544,81.88252376899696,60.13213738601823,76.79418626139818,287.3230645592705,182.60572532019708,278.2794333004926,159.47127881773397,126.38056827586206,153.4211838423645,251.91026916256158,142.00957635467975,29.915844729064034
"Edwards, Xavier",b669364_r,96.30592656534955,144.6130823100304,59.16964133738604,309.07909009118544,81.88252376899696,60.13213738601823,76.79418626139818,287.3230645592705,182.60572532019708,278.2794333004926,159.47127881773397,126.38056827586206,153.4211838423645,251.91026916256158,142.00957635467975,29.915844729064034
"Eldridge, Bryce",b805811_l,86.398932815534,100.39408643550624,82.51961742024965,313.1013687656033,70.3864639112344,80.26825453536755,73.78915062413317,302.6932045492372,,,,,,,,
"Ewing, A.J.",b805999_l,49.51953964912281,139.6793207017544,58.899722105263166,322.31895298245615,55.4053136842105,68.32708771929825,90.90834245614033,282.804547368421,,,,,,,,
"France, Ty",b664034_r,180.8974549136939,329.9414628308401,90.04883056386652,186.3254046490219,149.51530531645568,296.9751024165708,136.9418752589183,77.99843976985039,,,,,,,,
"Freeman, Freddie",b518692_l,84.83680533333333,169.20437333333334,93.15661333333333,350.8558026666667,57.404737777777754,115.32072355555556,71.7131662222222,338.6532746666667,,,,,,,,
"García Jr., Luis",b671277_l,106.23699433628319,182.69913415929204,69.59487681415928,339.1593249557522,93.24253026548674,102.36030300884957,79.57600991150443,324.5896451327434,,,,,,,,
"Giménez, Andrés",b665926_l,104.52830567164177,139.19619582089553,76.6100537313433,322.58729074626865,55.08182208955223,86.84084298507463,67.48721432835818,306.00411462686566,,,,,,,,
"Goldschmidt, Paul",b502671_r,138.90101657599996,311.64330137599995,129.72298828799998,113.94829030400001,130.705946368,302.03219379200004,128.98147328000002,90.82630144000002,,,,,,,,
"Gonzales, Nick",b693304_r,151.4871523751274,333.66334108053,100.90060672782876,195.0079013251784,155.60467457696228,317.7765364322121,164.06303168195714,117.62909194699287,,,,,,,,
"Goodman, Hunter",b696100_r,151.09975494736844,340.0527781052632,119.70816067368423,238.7691267368421,133.8059518315789,302.4480793263158,155.95392976842106,50.267651031578936,,,,,,,,
"Greene, Riley",b682985_l,88.13382185997911,186.970011954023,65.55673897596654,334.51286670846395,50.40728610240337,101.7275475862069,76.92863364681295,312.59241178683385,,,,,,,,
"Grisham, Trent",b663757_l,130.35644344213648,202.55344949554896,93.5861232047478,343.4048002373887,72.25146136498519,137.1588296735905,80.05858089020776,341.83965887240356,,,,,,,,
"Grissom, Vaughn",b687093_r,159.9655247727273,326.98375522727275,120.16304068181822,125.30554590909091,156.1591809090909,293.7549752272727,177.23603954545453,62.37173045454546,,,,,,,,
"Guerrero Jr., Vladimir",b665489_r,145.40025196428567,325.9520157142857,117.90395660714285,163.70022285714285,138.8275192857143,306.35784232142856,137.63233875,73.93798999999999,,,,,,,,
"Happ, Ian",b664023_l,75.11144668407309,193.96458652741512,75.4181923759791,338.4708866840731,66.36499509138383,109.68812135770236,63.165048146214076,321.0203193733681,156.49258231759657,331.10938025751074,146.93889236051498,187.5905407725322,164.37166695278972,315.7641400858369,142.14961648068672,114.85838626609441
"Happ, Ian",b664023_r,75.11144668407309,193.96458652741512,75.4181923759791,338.4708866840731,66.36499509138383,109.68812135770236,63.165048146214076,321.0203193733681,156.49258231759657,331.10938025751074,146.93889236051498,187.5905407725322,164.37166695278972,315.7641400858369,142.14961648068672,114.85838626609441
"Harper, Bryce",b547180_l,112.2256048908297,136.08175273362446,69.96473530131003,300.6977231091703,77.85675849781657,54.49906990393012,62.61557757205237,263.7654592838428,,,,,,,,
"Harris II, Michael",b671739_l,130.2251753965184,214.60188069632494,83.62811218568662,331.2766724951644,77.1624523017408,89.65716580270794,86.82196224371376,312.059323172147,,,,,,,,
"Henderson, Gunnar",b683002_l,89.91483785022032,159.7837191894273,74.05461244052864,336.35631196475765,77.16301262786595,58.92030081128746,85.37456465608462,296.0973027160494,,,,,,,,
"Hernández, Heriberto",b681715_r,157.72371091383812,319.8469875718016,127.74422558746738,140.51390057441253,139.0912555613577,308.47802527415143,141.0881506005222,72.02237890339424,,,,,,,,
"Hernández, Teoscar",b606192_r,144.4855315762274,336.56935359173127,130.3017965891473,173.59799979328164,128.9359272351421,319.8049889405685,131.8431007751938,115.35361136950903,,,,,,,,
"Herrera, Iván",b671056_r,166.31223309952605,343.80569569668245,49.71384659715638,193.45055939336493,145.64115563981042,311.49343787677725,161.18865091943135,79.76549778199053,,,,,,,,
"Hicks, Liam",b689414_l,124.92401128349786,225.49487548660088,55.54793478138224,329.147007954866,33.0146053596615,98.44346471086038,49.459364062059265,308.2635820592384,,,,,,,,
"Hoerner, Nico",b663538_r,165.45280853333333,346.5970325333334,131.53713066666666,176.68832213333332,122.63844053333335,314.2795861333333,151.60011093333333,91.21674026666666,,,,,,,,
"Jensen, Carter",b695600_l,98.46357401273887,142.55922445859872,64.50551167728239,319.0484830573248,74.03408662420384,25.262243736730355,87.13717027600853,267.0662602123142,,,,,,,,
"Johnston, Troy",b687859_l,136.88080687933424,273.50753309292645,62.21270435506243,350.2523670457698,60.23214047156725,118.25013925104025,75.76784221914009,325.91959811373096,,,,,,,,
"Jung, Josh",b673962_r,153.1173096573209,303.33870056074767,149.95663302180685,165.58323588785046,135.93502903426793,270.1462355140187,153.8027020560748,58.208678878504685,,,,,,,,
"Karros, Kyle",b691720_r,156.88384398826986,307.1225968328446,114.49912586510267,110.87389841642232,171.80530041055715,299.72763565982405,153.21042979472142,100.97349184750732,,,,,,,,
"Keaschall, Luke",b807712_r,174.40786903474904,320.97775444015446,117.3685778120978,137.82545585585586,146.13698018018022,281.7923935135135,163.602153925354,72.41421014157012,,,,,,,,
"Keith, Colt",b690993_l,91.73223272727269,132.7382280063796,81.29338283891549,328.18347074960127,62.18834398724084,77.04416459330142,82.03689824561403,306.4221458373206,,,,,,,,
"Kelly, Carson",b608348_r,149.89707949685535,342.0199142138365,157.7179154716981,202.06865459119496,151.04567646687698,329.17712630914826,164.20285425867507,126.15181375394323,,,,,,,,
"Kurtz, Nick",b701762_l,137.58209633633632,124.8028944144144,89.63983591591592,286.26159207207206,93.29547027027029,61.8776506906907,78.37177321321323,278.58830654654656,,,,,,,,
"Kwan, Steven",b680757_l,59.36758725848564,265.3090807310705,51.63239853785903,314.98481378590077,50.23095424836602,109.05065369934641,41.42662964705884,302.86836810457515,,,,,,,,
"Langeliers, Shea",b669127_r,161.92814163558108,328.05543758966996,80.74122651362985,160.7324487804878,165.65849182209467,310.48120126255384,141.8112679483501,76.03219581061694,,,,,,,,
"Langford, Wyatt",b694671_r,161.27293481682497,332.68197991858887,157.25475864314788,174.82897932157397,163.78426529172316,312.82929997286294,148.89003723202177,63.74046914518317,,,,,,,,
"Larnach, Trevor",b663616_l,73.50168012326655,149.8746181818182,71.33103506933747,346.8307059476117,37.56928912172573,101.72691599383668,76.76868388289675,326.8577959938367,,,,,,,,
"Lee, Brooks",b686797_l,74.00340983988356,142.48722748180495,64.75363772925763,331.4617853857351,75.59468944606414,85.04191043731777,71.23208349854231,308.3823349271137,143.30896372093022,332.96793302325585,149.3722181395349,126.67549813953488,134.63350139534882,305.8200511627907,161.1263162790698,85.9249181395349
"Lee, Brooks",b686797_r,74.00340983988356,142.48722748180495,64.75363772925763,331.4617853857351,75.59468944606414,85.04191043731777,71.23208349854231,308.3823349271137,143.30896372093022,332.96793302325585,149.3722181395349,126.67549813953488,134.63350139534882,305.8200511627907,161.1263162790698,85.9249181395349
"Lee, Jung Hoo",b808982_l,131.67020004540296,194.05448590238365,44.648489262202034,309.6985926901249,66.52102320090805,67.29411777525536,43.08387359818387,293.4223660385925,,,,,,,,
"Lewis, Royce",b668904_r,132.41898337292162,296.62980351543945,143.16741548693588,148.2004723990499,121.1189485985748,309.77537634204276,148.07833007125888,73.94205643705463,,,,,,,,
"Lile, Daylen",b695734_l,92.10526408525752,195.15645513321493,63.302445612788645,330.4772872468916,68.69737315555555,98.44100024888888,52.232279893333384,317.48611456,,,,,,,,
"Lindor, Francisco",b596019_l,93.89260590654206,184.45301143925235,64.51097689719626,327.4121345794392,79.88929943925237,78.65025405607477,63.13050228037382,311.501238728972,168.99381838862558,326.99381080568725,145.9498434123223,188.30571981042652,163.09929554502366,309.4097372511848,163.37625099526068,100.74847469194313
"Lindor, Francisco",b596019_r,93.89260590654206,184.45301143925235,64.51097689719626,327.4121345794392,79.88929943925237,78.65025405607477,63.13050228037382,311.501238728972,168.99381838862558,326.99381080568725,145.9498434123223,188.30571981042652,163.09929554502366,309.4097372511848,163.37625099526068,100.74847469194313
"Lopez, Otto",b672640_r,159.3721245929019,326.08921503131523,150.72269645093942,150.03755691022965,152.0624335699374,305.55963674321504,119.38628926931108,68.42194805845513,,,,,,,,
"Lowe, Brandon",b664040_l,66.301726979628,214.91358129317982,62.239249317980494,331.2602881133747,64.81301073516386,72.52177403011515,75.15384772364926,307.51190561558906,,,,,,,,
"Lowe, Josh",b666139_l,104.30761255605383,146.03872,83.55682989536623,326.08028651718985,80.58105255605379,65.04325261584455,80.0915623318386,307.5929822421525,,,,,,,,
"Lowe, Nathaniel",b663993_l,131.88018751445088,166.21506265895954,87.53685086705204,336.0914520231214,71.49764624277458,74.92799560693639,111.54760138728324,295.13798335260117,,,,,,,,
"Lukes, Nathan",b664770_l,89.46821872576179,159.81783556786704,95.95732609418282,337.1477775069253,68.40016664819949,84.50073019390582,93.16786747922438,326.0320817728532,,,,,,,,
"Machado, Manny",b592518_r,153.76779456790123,319.1401501234568,54.81370864197525,214.19987950617283,131.02611160493828,292.2678261728395,129.38008098765434,79.67776395061728,,,,,,,,
"Mangum, Jake",b663968_l,83.16704903654481,174.01977833887042,89.18162817275747,336.3324504983389,59.391785249169445,98.16918192691028,74.1072807973422,328.12940730897014,146.14738954954956,326.03209153153153,147.87036972972973,162.10129513513513,145.52397045045043,322.3828908108108,166.2046702702703,90.41718702702704
"Mangum, Jake",b663968_r,83.16704903654481,174.01977833887042,89.18162817275747,336.3324504983389,59.391785249169445,98.16918192691028,74.1072807973422,328.12940730897014,146.14738954954956,326.03209153153153,147.87036972972973,162.10129513513513,145.52397045045043,322.3828908108108,166.2046702702703,90.41718702702704
"Marsee, Jakob",b805300_l,88.93810775510205,202.11922367346938,89.48853836734695,345.8680953061224,50.01346265306124,92.67762795918367,77.13943244897959,321.7840830612245,,,,,,,,
"Marsh, Brandon",b669016_l,117.70945703225806,149.66326313978496,93.74657548387096,334.7024271827957,73.51570150537636,79.42180180645167,84.52711638709677,319.7254654623656,,,,,,,,
"Marte, Ketel",b606466_l,60.38321941520471,219.458912748538,33.78831204678361,325.73175064327484,87.05810339181289,97.8581869005848,27.47690175438597,320.3464907602339,163.19439111111114,323.47062222222223,173.73994666666667,213.2479377777778,155.62872000000002,295.1084177777778,154.97466666666668,75.49724444444443
"Marte, Ketel",b606466_r,60.38321941520471,219.458912748538,33.78831204678361,325.73175064327484,87.05810339181289,97.8581869005848,27.47690175438597,320.3464907602339,163.19439111111114,323.47062222222223,173.73994666666667,213.2479377777778,155.62872000000002,295.1084177777778,154.97466666666668,75.49724444444443
"Martínez, Angel",b682657_l,93.60697022831049,186.5412683105023,46.175267579908656,347.9408295890412,40.294575707762576,81.76349077625571,75.21635105022828,295.91282557077625,191.0755740740741,343.2843014814815,132.33380296296298,188.59410444444444,130.26370222222218,299.4138948148148,169.28103555555555,77.26799777777777
"Martínez, Angel",b682657_r,93.60697022831049,186.5412683105023,46.175267579908656,347.9408295890412,40.294575707762576,81.76349077625571,75.21635105022828,295.91282557077625,191.0755740740741,343.2843014814815,132.33380296296298,188.59410444444444,130.26370222222218,299.4138948148148,169.28103555555555,77.26799777777777
"Massey, Michael",b686681_l,98.9556175280899,146.48414674157303,83.20823258426962,317.13182516853936,66.01958,76.03399168539325,79.81725123595511,298.2713871910113,,,,,,,,
"Mayo, Coby",b691723_r,179.9780570434783,306.8861690434783,127.35648069565218,159.87980869565217,183.7573916981132,295.313518490566,138.27177056603776,85.9528845283019,,,,,,,,
"McCarthy, Jake",b664983_l,125.49573587583151,219.17643866962305,69.42606368070952,325.36265933481155,80.1929576940133,106.66254439024391,61.92999272727273,308.38043476718406,,,,,,,,
"McGonigle, Kevin",b805808_l,71.36978376699027,137.3685974368932,81.84806446601941,330.53583269902913,51.210748893203885,53.73027277669905,90.4048068349514,292.6825568932039,,,,,,,,
"McKinstry, Zach",b656716_l,73.46835793313069,166.04319902735563,61.92664972644377,337.2415756838906,67.35315165905632,100.11868980213092,68.01284407914763,311.26363397260275,,,,,,,,
"McLain, Matt",b680574_r,167.41133274238229,306.89689418282546,138.4816988365651,156.79015933518005,153.8303299722992,279.2579175623269,152.0266473130194,69.51087024930747,,,,,,,,
"McNeil, Jeff",b643446_l,62.86118943052389,161.8124544874715,59.9828247835991,336.4088153075171,45.28252428246013,114.08003407744874,64.67033457858768,309.45112455580863,,,,,,,,
"Meidroth, Chase",b805367_r,145.93625690140848,338.57878535211273,80.68737352112674,206.2656247887324,128.6459042253521,302.6896067605634,151.28341183098593,89.95113690140846,,,,,,,,
"Merrill, Jackson",b701538_l,65.72247493848857,178.2709465026362,67.34519297012302,315.3630556063269,51.81203810193321,80.74789834797892,83.40611768014061,264.4803921265378,,,,,,,,
"Mitchell, Garrett",b669003_l,133.08723795918365,190.03614551020408,75.23881122448978,333.11074959183674,84.98944266666665,78.03968266666664,91.87756533333334,311.3686186666667,,,,,,,,
"Moniak, Mickey",b666160_l,91.4116814526589,138.515171154345,81.16364555123216,318.0436536446174,74.18761101298705,88.4975864935065,71.6341273766234,309.2378188051948,,,,,,,,
"Montgomery, Colson",b695657_l,99.36658768372092,183.87163490232558,74.69094980465118,329.3136845395349,70.47888982325577,97.01190295813953,57.875571944186035,319.7328098232558,,,,,,,,
"Moreno, Gabriel",b672515_r,161.15412476190474,329.09128914285714,107.29932933333332,182.92362247619047,147.15134685714284,299.2222935238095,146.36848685714287,78.64922590476192,,,,,,,,
"Mullins, Cedric",b656775_l,90.93988114856431,145.51418347066166,48.79346177278405,329.0062134332085,65.56151979999999,124.605919,38.930921000000005,320.03010900000004,,,,,,,,
"Muncy, Max",b571970_l,86.48434679245281,216.62959320754717,78.05397188679243,343.23174641509434,47.6818118867924,58.4139566037736,88.25794660377359,308.79889169811327,,,,,,,,
"Murakami, Munetaka",b808959_l,88.520895,179.74719499999998,64.0001175,332.07337500000006,79.27908250000002,66.69787250000002,59.59767499999998,320.8547325,,,,,,,,
"Naylor, Josh",b647304_l,86.03579480519477,117.20653662337662,78.85681212121214,335.6148543722944,59.124441904761895,95.45598562770563,78.62459722943721,309.90264173160176,,,,,,,,
"Neto, Zach",b687263_r,188.63629794957987,280.3951978487395,166.75567152941179,69.67683011764709,159.6857707563025,246.19027078991599,175.97437835294116,42.02565620168069,,,,,,,,
"Nimmo, Brandon",b607043_l,109.36082321860466,185.80782466976746,77.86707691162789,328.8455200744186,74.79056864059585,60.9783846554935,80.7664977281192,311.90621869646185,,,,,,,,
"Norby, Connor",b681393_r,160.7716017891374,325.4686141853035,119.90622057507991,174.5692692651757,150.71885214057505,298.01253444089457,163.19341290734826,76.38728178913738,,,,,,,,
"Nuñez, Nasim",b683083_l,71.9625483065954,154.86363351158644,89.16460064171122,336.63946067736185,64.44664442067734,68.6184282352941,89.09190074866315,304.47457055258474,136.6420603773585,338.54533962264145,149.60554264150943,164.49991698113206,141.39621433962265,304.6142211320755,151.04964150943397,81.15714264150941
"Nuñez, Nasim",b683083_r,71.9625483065954,154.86363351158644,89.16460064171122,336.63946067736185,64.44664442067734,68.6184282352941,89.09190074866315,304.47457055258474,136.6420603773585,338.54533962264145,149.60554264150943,164.49991698113206,141.39621433962265,304.6142211320755,151.04964150943397,81.15714264150941
"O'Hearn, Ryan",b656811_l,102.59663695014662,173.13007343108507,98.56400797653957,320.8277015835778,47.819577712609984,81.16988504398827,102.87283472140763,302.21377548387096,,,,,,,,
"Ohtani, Shohei",b660271_l,107.16506332979856,158.12411113467655,80.52240950159067,340.36367507953344,85.12290850477201,122.95031855779428,89.47288330858957,326.1417092682927,,,,,,,,
"Okamoto, Kazuma",b672960_r,145.41029667289715,318.7955226915888,155.70467738317757,189.01920822429906,152.6121061682243,301.4771374953271,127.6194832149533,67.58087117757009,,,,,,,,
"Olson, Matt",b621566_l,100.9444152215465,200.76208333622935,65.66843927019984,350.4780870894874,64.6302084448306,62.14470297132925,82.18739266724587,296.37059350130323,,,,,,,,
"Pages, Andy",b681624_r,150.67361205944795,339.59642326963905,110.51593528662424,215.05898683651805,135.58157808917196,309.3009318046709,156.9982252229299,105.24242581740975,,,,,,,,
"Paredes, Isaac",b670623_r,192.69227756729813,335.2307254237288,94.39711409770686,204.22724051844466,158.1127222355289,302.80384654690613,182.95632526946105,105.22940646706587,,,,,,,,
"Pasquantino, Vinnie",b686469_l,148.24010378378384,151.1187545945946,81.92006832432429,334.1949718918919,79.6734378378378,81.17409145945945,68.02665772972972,328.4946278918919,,,,,,,,
"Pederson, Joc",b592626_l,93.37756587570624,207.89637175141243,53.48798101694916,331.21899887005645,62.20686214689266,99.99467073446328,57.75230711864408,303.708275480226,,,,,,,,
"Peraza, Oswald",b672724_r,151.76538834834835,335.97006606606607,132.81495183183188,145.49828228228228,133.57915507507508,322.0471207207207,165.62724852852853,105.03565501501501,,,,,,,,
"Perdomo, Geraldo",b672695_l,98.17971520000005,76.72368639999999,46.13198080000001,303.71301439999996,78.5279392,55.09227199999998,45.48828160000001,297.1719168,186.886216,309.875808,134.201544,90.7346,159.98168000000004,290.220832,149.47502400000002,73.09261599999999
"Perdomo, Geraldo",b672695_r,98.17971520000005,76.72368639999999,46.13198080000001,303.71301439999996,78.5279392,55.09227199999998,45.48828160000001,297.1719168,186.886216,309.875808,134.201544,90.7346,159.98168000000004,290.220832,149.47502400000002,73.09261599999999
"Perez, Salvador",b521692_r,166.66795457322553,337.7784891284816,93.66574792452835,172.42593078167116,170.09150273381294,332.85975410071944,142.5524523741007,110.50687683453236,,,,,,,,
"Peters, Tristan",b671976_l,92.00255568123391,157.1465081748072,84.5095107455013,330.35565820051414,54.821991568123394,61.949541388174794,84.99089974293057,300.8925250385604,,,,,,,,
"Peña, Jeremy",b665161_r,166.0700782331288,329.86532240490794,97.13970257668709,159.6219775214724,168.95396633128837,320.1128863803681,149.0419859631902,83.13775901840492,,,,,,,,
"Rafaela, Ceddanne",b678882_r,159.9524651766953,325.23359862464184,137.95591289398283,194.8842400764088,143.8296322445081,311.5819387965616,160.58109004775548,109.26850383954155,,,,,,,,
"Raleigh, Cal",b663728_l,72.08418911475411,181.22961940983606,68.59061088524594,340.8000758032787,72.21349009836068,86.45076747540986,53.41535370491808,325.8021914754098,165.62992868571425,326.2275926857143,156.52241097142857,167.37768365714285,165.60700708571434,298.8808164571428,152.93627108571434,68.83711908571426
"Raleigh, Cal",b663728_r,72.08418911475411,181.22961940983606,68.59061088524594,340.8000758032787,72.21349009836068,86.45076747540986,53.41535370491808,325.8021914754098,165.62992868571425,326.2275926857143,156.52241097142857,167.37768365714285,165.60700708571434,298.8808164571428,152.93627108571434,68.83711908571426
"Ramos, Heliot",b671218_r,154.72275068493153,327.15096745205483,139.36878049315072,186.98202126027397,135.92654288065845,303.83436203017834,143.77080208504802,79.9711635665295,,,,,,,,
"Ramírez, José",b608070_l,81.3588734318555,191.37103579638753,37.95207408866995,338.0132899835796,68.7221038016529,122.19641917355372,33.88835411570247,324.7088600330578,166.75476945454545,340.14527490909086,140.07474181818185,184.00978181818184,159.5227229090909,319.0691738181818,152.55152727272727,106.353464
"Ramírez, José",b608070_r,81.3588734318555,191.37103579638753,37.95207408866995,338.0132899835796,68.7221038016529,122.19641917355372,33.88835411570247,324.7088600330578,166.75476945454545,340.14527490909086,140.07474181818185,184.00978181818184,159.5227229090909,319.0691738181818,152.55152727272727,106.353464
"Realmuto, J.T.",b592663_r,162.78950409155942,332.69232274678114,107.22828818311872,201.2465828898426,148.88113327610878,312.82759072961375,148.81927484978542,92.39173195994276,,,,,,,,
"Reynolds, Bryan",b668804_l,76.00553826589598,100.29311468208093,66.48620485549132,326.07516994219657,69.50911815028904,86.81608531791909,54.086504277456626,321.84674635838144,148.7095329032258,321.1318864516129,143.23177290322582,159.00925419354837,158.18172387096774,317.4769651612903,161.1002993548387,100.91395612903227
"Reynolds, Bryan",b668804_r,76.00553826589598,100.29311468208093,66.48620485549132,326.07516994219657,69.50911815028904,86.81608531791909,54.086504277456626,321.84674635838144,148.7095329032258,321.1318864516129,143.23177290322582,159.00925419354837,158.18172387096774,317.4769651612903,161.1002993548387,100.91395612903227
"Rice, Ben",b700250_l,154.89093894736845,179.06066315789474,67.6610336842105,341.6730378947368,59.45246150101423,142.10579229208926,73.28055042596351,335.783536713996,,,,,,,,
"Riley, Austin",b663586_r,161.356133358706,339.3336246622265,137.794960076118,176.4122653472883,126.47931874405327,301.6732436156042,145.15559322549956,70.45072639391057,,,,,,,,
"Rocchio, Brayan",b677587_l,80.40390890322578,117.82212103225808,48.576070967741956,328.678470967742,61.87002193548386,83.10470348387095,64.89053419354842,298.0643130322581,158.69937658536585,328.4959204878049,149.40601902439028,113.1984180487805,145.9404980487805,297.4525419512195,170.7640043902439,99.21772975609755
"Rocchio, Brayan",b677587_r,80.40390890322578,117.82212103225808,48.576070967741956,328.678470967742,61.87002193548386,83.10470348387095,64.89053419354842,298.0643130322581,158.69937658536585,328.4959204878049,149.40601902439028,113.1984180487805,145.9404980487805,297.4525419512195,170.7640043902439,99.21772975609755
"Rodríguez, Julio",b677594_r,143.3253083846872,303.53332720821663,139.5685972735761,122.47874838468721,145.43741831775705,280.73136717757006,137.2899883364486,28.84616837383176,,,,,,,,
"Rumfield, TJ",b681198_l,143.31823634475595,171.60536074766355,53.40785611630324,336.5918614330218,65.64855460020767,64.49073678089306,49.95503019730012,314.75222861889927,,,,,,,,
"Sanoja, Javier",b691594_r,167.34420790960456,290.36001649717514,125.60679864406782,145.8151905084746,150.6793007909605,270.09117152542376,146.42600045197742,57.76738915254241,,,,,,,,
"Schanuel, Nolan",b694384_l,64.12931469578784,165.391760374415,52.84924106084245,333.1190145397816,53.319895413416575,81.30141978159125,65.8372705148206,288.54758689547583,,,,,,,,
"Schmitt, Casey",b669477_r,151.8967339682539,342.21165391053387,166.56963324675326,186.0522922943723,138.7121812409812,308.7230055988456,169.86232727272733,81.98620051948055,,,,,,,,
"Schwarber, Kyle",b656941_l,89.35363197119709,128.73291218721872,67.40418390639063,291.5476455805581,65.05970563456347,57.21513576957693,64.08824079207923,279.23511272727274,,,,,,,,
"Seager, Corey",b608369_l,102.08672558139537,163.25582627906977,85.49077441860459,340.0146495348837,94.90352116279075,43.23490139534884,81.86331186046512,321.6516476744186,,,,,,,,
"Semien, Marcus",b543760_r,164.1509309090909,325.9965406060606,154.82258909090913,151.81843636363635,132.5960096969697,307.14386666666667,166.87530181818184,100.5451103030303,,,,,,,,
"Sheets, Gavin",b657757_l,120.80111467473526,262.09866384266263,62.12388986384268,326.2816518003026,77.97323497730711,88.82538093797274,57.10066154311649,311.84836187594556,,,,,,,,
"Simpson, Chandler",b802415_l,110.24985103448277,156.35618206896552,80.8740468965517,326.3448220689655,86.61962135458168,83.9636889243028,73.95744871181937,319.78083548472773,,,,,,,,
"Smith, Cam",b701358_r,142.17883395203336,334.5337922002086,135.49125655891552,146.62747278415017,137.6835114911366,317.9850345776851,139.2412579770594,69.26453622523462,,,,,,,,
"Soderstrom, Tyler",b691016_l,115.54786930930932,152.5044156156156,97.87832240240238,342.91674138138137,84.9640864864865,90.97781885885885,88.01450330330331,314.0485837837838,,,,,,,,
"Soto, Juan",b665742_l,110.14140680713132,91.27065802269043,71.88622884927064,324.7979148136143,80.83291565640197,66.93029238249592,62.330209918962694,311.924909432739,,,,,,,,
"Springer, George",b543807_r,158.67641607701566,332.2131698676293,151.3018674368231,165.5180576654633,148.60133160048136,312.9812921299639,145.21334199759323,107.75633251504212,,,,,,,,
"Stephenson, Tyler",b663886_r,144.40482644257705,335.74035697478996,143.4566931092437,158.9838417927171,133.13826173669472,309.5321617927171,153.25945927170872,93.79794397759103,,,,,,,,
"Stewart, Sal",b701398_r,142.55258657193608,288.13822777975133,107.79029285968028,108.23757953818827,136.38235708703374,264.8066073179396,132.20534209591477,36.9302972646536,,,,,,,,
"Stott, Bryson",b681082_l,95.52001200000002,139.68274581818181,59.623435818181804,312.91182545454546,93.58232890909086,64.83071472727272,62.54084381818181,292.2913176363636,,,,,,,,
"Stowers, Kyle",b669065_l,122.7795347272727,157.1888010909091,68.57982599999998,342.00906599999996,86.71819890909092,80.43805854545451,57.61675581818183,315.6276743636364,,,,,,,,
"Suzuki, Seiya",b673548_r,160.88136896551725,331.7863129310345,153.0598068965517,167.65410689655172,146.1554037931035,304.27040758620694,156.91198931034486,81.88922706896551,,,,,,,,
"Suárez, Eugenio",b553993_r,168.30823778894475,279.5529766834171,110.5496689447236,170.77233447236182,156.10440482412062,260.9629871356784,157.7388040201005,69.41653969849241,,,,,,,,
"Swanson, Dansby",b621020_r,164.7580323178808,340.19779941721856,136.94644598675498,213.15466129801325,143.22337103448277,317.0315034482759,144.47815172413794,127.29512551724139,,,,,,,,
"Tatis Jr., Fernando",b665487_r,137.80453210471205,322.73474831413614,81.30707551832458,205.11531342408375,116.26394538219894,292.79981738219897,156.209434973822,78.99922881675397,,,,,,,,
"Taveras, Leody",b665750_l,100.41682894632207,167.11779149105368,70.57695045725646,327.44889320079517,80.79441976095619,77.17116302788844,85.07384573705177,301.03593625498013,134.69081372384932,330.7695163179917,131.49735230125523,166.1933630125523,118.20965958158996,310.27355313807533,141.25055933054395,80.97477958158994
"Taveras, Leody",b665750_r,100.41682894632207,167.11779149105368,70.57695045725646,327.44889320079517,80.79441976095619,77.17116302788844,85.07384573705177,301.03593625498013,134.69081372384932,330.7695163179917,131.49735230125523,166.1933630125523,118.20965958158996,310.27355313807533,141.25055933054395,80.97477958158994
"Torkelson, Spencer",b679529_r,153.7220011005291,336.2518982433863,130.48495424338623,185.63901020105823,138.6926012275132,309.35861638095236,150.27285705820103,109.94552990476188,,,,,,,,
"Torres, Gleyber",b650402_r,156.58674428794995,332.09119148669794,78.99361702660404,208.16607399061033,151.5292324256651,320.11335361502347,133.7659445383412,112.06449477308294,,,,,,,,
"Tovar, Ezequiel",b678662_r,162.45959466666667,332.6131566451613,170.04237109677416,129.18416017204302,141.1566059354839,311.4982110967742,160.8905321290323,91.12033462365592,,,,,,,,
"Trout, Mike",b545361_r,182.1511882584885,330.2956475794085,161.65266979189485,166.12893879518072,135.7796500328587,300.76211943044905,169.33955469879515,107.38961805038338,,,,,,,,
"Tucker, Kyle",b663656_l,73.18223762376239,163.13357275247526,71.21069005940596,352.77458043564366,60.29805684836471,108.87558675916748,69.02038739345889,328.21402545094156,,,,,,,,
"Turang, Brice",b668930_l,70.07638584493039,194.01488143141154,72.87330560636184,338.32803960238573,56.779291133200786,100.40543459244535,86.8395586481113,303.13168349900593,,,,,,,,
"Turner, Trea",b607208_r,138.379185389436,337.6287676275739,148.24000544315135,120.8213120859445,134.73704393912266,322.52785962399287,129.18317579230086,85.2278697940913,,,,,,,,
"Vargas, Ildemaro",b545121_l,112.2146897204301,61.647868559139766,67.23210425806451,231.53757178494624,63.11013023655913,12.620488258064498,61.59733058064519,222.67133694623655,155.22027935483877,314.68309032258065,128.48151870967746,168.42739548387095,139.054435483871,287.3772109677419,164.32549612903227,69.63109419354839
"Vargas, Ildemaro",b545121_r,112.2146897204301,61.647868559139766,67.23210425806451,231.53757178494624,63.11013023655913,12.620488258064498,61.59733058064519,222.67133694623655,155.22027935483877,314.68309032258065,128.48151870967746,168.42739548387095,139.054435483871,287.3772109677419,164.32549612903227,69.63109419354839
"Vargas, Miguel",b678246_r,164.04393106060604,337.1204392424242,149.61954272727272,211.62852803030304,159.45642015151518,312.3816933333334,157.65024742424248,75.64187045454545,,,,,,,,
"Varsho, Daulton",b662139_l,65.8579328,181.23019146666667,74.34950044444447,335.0256872888889,77.73498702222219,107.66018702222223,84.26651288888888,313.06716195555555,,,,,,,,
"Walker, Christian",b572233_r,159.07875950617287,331.0174241975309,124.22836938271607,198.2871209876543,166.48096121673007,310.94615984790875,156.00936334600758,96.69846463878326,,,,,,,,
"Walker, Jordan",b691023_r,120.59798213740459,326.39686564885494,119.59595801526717,207.60862931297711,110.16410473282444,307.9697149618321,123.07649068702295,66.33636503816793,,,,,,,,
"Ward, Taylor",b621493_r,161.57146361702132,338.81527191489363,99.81481978723403,265.1498536170213,142.5973440425532,307.43657446808515,158.81450659574475,91.25394021276594,,,,,,,,
"Wells, Austin",b669224_l,85.605243136,168.25785574399998,62.13881625600003,338.96649420800003,68.69715942400002,97.447297536,58.97932288,318.82840345600005,,,,,,,,
"Wetherholt, JJ",b802139_l,134.5224415489749,233.81226806378135,75.05400492027334,338.12092774487473,36.39937494305239,103.53767963553531,73.80337056947612,299.0587670159453,,,,,,,,
"Winn, Masyn",b691026_r,173.45735046854082,336.47217606425704,121.05320953145917,253.67364669344045,137.64822918340028,311.1151745113789,155.92502211512718,100.8827609103079,,,,,,,,
"Witt Jr., Bobby",b677951_r,170.36618763018072,336.84826048884156,123.34641938363438,176.22318265674812,137.9857180021254,310.21950367693944,149.61675749202976,85.27056289054198,,,,,,,,
"Wood, James",b695578_l,139.11039731736523,186.97255702994013,84.28374208383231,349.4227690538922,89.43202356886229,74.2416187784431,94.3749853892216,320.67313360479045,,,,,,,,
"Yastrzemski, Mike",b573262_l,76.34050623376626,198.4937233766234,63.577886233766236,335.3089379220779,68.32709012987017,106.44252311688311,55.041893766233784,321.5021579220779,,,,,,,,
"Yelich, Christian",b592885_l,77.15530808510643,149.46365021276597,75.76280340425532,324.410444893617,92.63013973333331,57.646058240000016,77.61060394666666,315.6525169066666,,,,,,,,
"Young, Cole",b702284_l,103.70556544904134,225.00951539858733,49.754924238143275,331.13552936427857,50.58595006060605,80.90613155555556,49.466187313131314,309.9086941414142,,,,,,,,
"Young, Jacob",b696285_r,148.94098591194972,342.1753811320755,124.59619169811324,174.13935320754717,141.98356905660376,322.37433710691823,146.96513308176102,94.09541962264149,,,,,,,,
