name,scissor_kick_combined,xwoba,woba,babip,xslg,launch_angle,exit_velocity,hardhit_percent,k_percent,bb_percent
"Judge, Aaron",False,0.485,0.5,0.398,0.837,19.2,95.7,58.40336134453782,23.7,0.0
"Smith, Will",False,0.368,0.392,0.366,0.574,19.5,91.1,45.8128078817734,14.0,0.0
"Peña, Jeremy",False,0.346,0.377,0.362,0.495,8.9,89.0,42.8,11.6,0.0
"Aranda, Jonathan",False,0.388,0.37,0.406,0.577,16.1,92.9,54.82456140350877,20.5,0.0
"Meyers, Jake",True,0.336,0.347,0.368,0.467,11.4,88.2,35.602094240837694,9.8,0.0
"Stowers, Kyle",False,0.408,0.416,0.365,0.653,15.3,92.3,54.7945205479452,23.6,0.0
"Garcia, Maikel",False,0.346,0.359,0.331,0.494,10.1,91.6,46.08150470219436,6.7,0.0
"De La Cruz, Elly",True,0.369,0.379,0.354,0.562,8.8,91.1,45.98540145985402,17.4,0.0
"Freeman, Freddie",False,0.336,0.356,0.377,0.491,16.4,91.5,45.38152610441767,19.7,0.0
"Machado, Manny",False,0.399,0.369,0.328,0.603,14.5,94.1,54.93827160493827,12.7,0.0
"Lux, Gavin",False,0.297,0.334,0.363,0.399,9.8,88.5,38.35616438356164,13.4,0.0
"Guerrero Jr., Vladimir",False,0.396,0.359,0.326,0.581,9.0,93.3,51.75718849840255,10.6,0.0
"Buxton, Byron",False,0.388,0.398,0.323,0.621,19.0,93.0,57.20720720720721,19.2,0.0
"Henderson, Gunnar",False,0.361,0.354,0.352,0.505,10.0,93.4,54.18181818181819,17.4,0.0
"Pages, Andy",True,0.342,0.359,0.316,0.512,16.8,89.6,40.3448275862069,14.2,0.0
"Springer, George",True,0.388,0.358,0.317,0.601,17.5,91.2,48.333333333333336,13.3,0.0
"O'Hearn, Ryan",False,0.361,0.351,0.32,0.531,12.5,91.9,50.212765957446805,13.6,0.0
"Turner, Trea",False,0.313,0.332,0.328,0.446,11.5,89.3,39.935064935064936,11.0,0.0
"Burleson, Alec",False,0.362,0.352,0.3,0.536,18.2,92.2,45.038167938931295,9.0,0.0
"Frelick, Sal",False,0.29,0.318,0.309,0.383,13.1,86.0,27.819548872180448,7.3,0.0
"Wood, James",False,0.405,0.383,0.332,0.647,6.5,94.4,56.734693877551024,22.8,0.0
"Ohtani, Shohei",False,0.451,0.422,0.3,0.757,15.8,96.3,62.03007518796993,22.4,0.0
"Kirk, Alejandro",False,0.344,0.313,0.316,0.501,12.4,92.1,53.90334572490706,8.8,0.0
"Beck, Jordan",False,0.335,0.353,0.361,0.504,13.1,88.1,41.0958904109589,22.5,0.0
"Laureano, Ramón",False,0.365,0.36,0.331,0.569,15.4,90.4,50.29940119760479,21.2,0.0
"Ramírez, José",False,0.346,0.361,0.283,0.506,20.7,89.6,39.30817610062893,8.4,0.0
"Wilson, Jacob",False,0.288,0.31,0.308,0.371,10.3,84.2,18.30985915492958,5.9,0.0
"Smith, Pavin",False,0.31,0.35,0.377,0.475,12.6,90.3,46.15384615384615,27.4,0.0
"Goldschmidt, Paul",False,0.339,0.324,0.326,0.505,15.9,90.7,43.68231046931408,12.6,0.0
"Seager, Corey",False,0.429,0.362,0.309,0.682,12.0,93.8,54.92227979274611,17.2,0.0
"Perdomo, Geraldo",False,0.321,0.326,0.29,0.462,16.6,88.8,34.516129032258064,6.6,0.0
"Bohm, Alec",False,0.323,0.306,0.315,0.449,6.9,90.7,47.794117647058826,9.6,0.0
"Jeffers, Ryan",True,0.347,0.332,0.305,0.517,16.5,89.1,42.71844660194174,8.8,0.0
"Crow-Armstrong, Pete",False,0.36,0.384,0.305,0.581,21.3,90.2,44.982698961937714,19.1,0.0
"Bellinger, Cody",False,0.334,0.363,0.285,0.501,20.8,90.1,42.474916387959865,10.9,0.0
"Chourio, Jackson",True,0.328,0.346,0.313,0.485,12.0,89.6,42.331288343558285,14.2,0.0
"Lowe, Brandon",False,0.362,0.347,0.321,0.561,14.4,92.6,48.888888888888886,20.1,0.0
"Neto, Zach",False,0.37,0.346,0.338,0.569,16.1,91.7,48.14814814814815,21.6,0.0
"Barger, Addison",False,0.381,0.367,0.325,0.585,12.1,94.1,57.073170731707314,19.3,0.0
"Greene, Riley",True,0.347,0.367,0.366,0.558,17.2,90.6,47.083333333333336,30.8,0.0
"Rooker, Brent",False,0.385,0.358,0.313,0.596,16.2,91.3,47.31543624161073,16.8,0.0
"Carpenter, Kerry",False,0.369,0.373,0.29,0.594,22.8,92.2,48.0,15.1,0.0
"Busch, Michael",False,0.38,0.363,0.315,0.61,18.7,91.9,46.08294930875576,19.9,0.0
"Donovan, Brendan",False,0.356,0.318,0.301,0.512,12.4,90.0,40.0,8.4,0.0
"Moniak, Mickey",False,0.353,0.374,0.307,0.545,15.7,89.7,46.875,19.3,0.0
"Tucker, Kyle",False,0.371,0.346,0.287,0.57,19.1,90.8,42.76729559748428,10.4,0.0
"García Jr., Luis",False,0.366,0.319,0.298,0.532,10.4,90.7,47.25274725274725,9.6,0.0
"Naylor, Josh",False,0.319,0.322,0.299,0.455,12.4,88.8,39.04109589041096,10.9,0.0
"Domínguez, Jasson",False,0.319,0.324,0.344,0.451,14.1,91.1,51.741293532338304,22.1,0.0
"Holliday, Jackson",False,0.335,0.323,0.324,0.499,9.1,90.4,45.75645756457565,17.1,0.0
"Witt Jr., Bobby",False,0.372,0.337,0.313,0.543,15.4,93.3,48.55305466237942,15.9,0.0
"Sosa, Lenyn",True,0.335,0.319,0.327,0.486,19.1,90.6,42.91845493562232,17.0,0.0
"Suzuki, Seiya",True,0.385,0.374,0.295,0.617,19.6,92.7,51.07142857142857,19.8,0.0
"Goodman, Hunter",True,0.317,0.357,0.333,0.485,17.7,91.4,51.30434782608696,23.4,0.0
"Edwards, Xavier",False,0.28,0.285,0.317,0.366,9.8,87.1,31.800766283524908,8.7,0.0
"Hoerner, Nico",True,0.298,0.294,0.296,0.397,14.4,87.1,28.915662650602407,3.8,0.0
"Clement, Ernie",True,0.274,0.296,0.3,0.363,17.6,87.1,25.080385852090032,6.3,0.0
"Jung, Josh",True,0.343,0.323,0.315,0.512,11.7,88.8,45.36585365853659,15.9,0.0
"Díaz, Yandy",False,0.351,0.332,0.291,0.516,6.2,93.7,55.04885993485343,12.5,0.0
"Castellanos, Nick",False,0.331,0.323,0.317,0.497,16.0,89.4,38.1294964028777,15.7,0.0
"Altuve, Jose",True,0.285,0.329,0.297,0.409,17.9,85.8,32.12996389891697,13.9,0.0
"Dingler, Dillon",True,0.343,0.317,0.34,0.5,18.4,89.7,44.72361809045226,20.7,0.0
"Smith, Josh",False,0.318,0.318,0.308,0.452,15.1,88.8,34.13654618473896,12.6,0.0
"Correa, Carlos",False,0.339,0.31,0.314,0.49,9.3,91.2,46.69421487603306,12.6,0.0
"Báez, Javier",False,0.296,0.327,0.337,0.429,11.0,89.5,44.5,21.3,0.0
"Olson, Matt",True,0.372,0.344,0.31,0.591,15.4,93.7,54.13533834586466,19.1,0.0
"Kiner-Falefa, Isiah",True,0.266,0.283,0.326,0.337,2.8,85.0,25.0,12.0,0.0
"Smith, Cam",True,0.319,0.31,0.361,0.459,7.7,88.9,43.49775784753363,24.1,0.0
"Narváez, Carlos",True,0.28,0.324,0.33,0.415,13.9,92.2,45.68527918781726,20.2,0.0
"Bader, Harrison",True,0.283,0.333,0.333,0.427,13.3,87.4,42.45810055865922,24.1,0.0
"Marte, Ketel",False,0.389,0.358,0.274,0.613,13.9,92.3,50.697674418604656,14.0,0.0
"Crawford, J.P.",True,0.319,0.295,0.317,0.444,12.2,87.6,35.73883161512028,13.5,0.0
"Soto, Juan",False,0.444,0.352,0.266,0.71,12.2,94.3,55.39033457249071,12.9,0.0
"Turang, Brice",True,0.311,0.291,0.331,0.436,8.9,91.0,46.35036496350365,17.9,0.0
"Ramos, Heliot",True,0.315,0.316,0.319,0.477,11.6,91.9,47.686832740213525,19.1,0.0
"McKinstry, Zach",False,0.296,0.322,0.32,0.411,16.1,86.1,30.396475770925107,17.8,0.0
"Bichette, Bo",False,0.339,0.312,0.306,0.491,10.3,90.0,44.230769230769226,13.3,0.0
"Schwarber, Kyle",False,0.445,0.403,0.256,0.744,19.8,96.3,63.84615384615384,21.0,0.0
"Arraez, Luis",False,0.276,0.295,0.276,0.364,13.7,86.4,16.193181818181817,1.9,0.0
"Pasquantino, Vinnie",False,0.34,0.329,0.281,0.511,17.1,91.2,44.08945686900959,11.8,0.0
"Torres, Gleyber",False,0.362,0.306,0.283,0.545,15.6,91.0,42.5287356321839,9.7,0.0
"Raleigh, Cal",False,0.379,0.403,0.247,0.64,26.9,92.7,51.33079847908745,22.2,0.0
"Nimmo, Brandon",False,0.334,0.333,0.282,0.505,14.5,92.0,50.54151624548736,14.8,0.0
"Contreras, Willson",False,0.382,0.332,0.311,0.6,12.3,91.3,51.19047619047619,19.7,0.0
"Mangum, Jake",True,0.285,0.282,0.301,0.382,0.2,86.5,34.659090909090914,8.7,0.0
"Harper, Bryce",False,0.375,0.348,0.289,0.585,13.6,92.1,51.67464114832536,18.0,0.0
"Kwan, Steven",False,0.289,0.293,0.271,0.397,17.9,85.7,19.863013698630137,5.5,0.0
"Langford, Wyatt",False,0.34,0.325,0.31,0.508,17.6,91.8,48.38709677419355,21.7,0.0
"France, Ty",False,0.335,0.289,0.298,0.488,11.6,90.3,42.32209737827715,9.8,0.0
"Polanco, Jorge",False,0.351,0.338,0.253,0.523,16.9,91.2,47.43589743589743,10.0,0.0
"Sheets, Gavin",False,0.366,0.32,0.281,0.547,15.0,91.5,50.55762081784386,13.7,0.0
"Carroll, Corbin",False,0.381,0.376,0.286,0.612,17.4,93.5,51.85185185185185,19.9,0.0
"Grisham, Trent",False,0.358,0.342,0.273,0.564,16.2,90.8,44.54976303317535,15.9,0.0
"Contreras, William",False,0.293,0.29,0.305,0.411,7.1,91.2,46.619217081850536,14.5,0.0
"Paredes, Isaac",True,0.289,0.328,0.271,0.417,24.3,87.4,32.77310924369748,12.7,0.0
"Rodríguez, Julio",False,0.334,0.316,0.308,0.504,9.4,91.9,47.756410256410255,20.2,0.0
"Keith, Colt",False,0.346,0.301,0.302,0.511,14.8,90.4,45.02369668246445,14.9,0.0
"Duran, Jarren",True,0.316,0.322,0.325,0.469,13.5,92.6,47.781569965870304,21.2,0.0
"Winn, Masyn",True,0.285,0.293,0.308,0.399,18.2,88.6,36.66666666666666,15.6,0.0
"Swanson, Dansby",False,0.361,0.311,0.314,0.543,13.6,91.0,49.81549815498156,22.8,0.0
"Abrams, CJ",False,0.323,0.326,0.285,0.475,13.5,89.8,43.06569343065693,14.4,0.0
"Arozarena, Randy",True,0.345,0.335,0.301,0.529,15.1,93.0,54.11764705882353,22.3,0.0
"Yelich, Christian",False,0.324,0.323,0.309,0.49,2.6,91.2,48.01587301587302,23.6,0.0
"Realmuto, J.T.",False,0.304,0.291,0.336,0.428,9.8,90.4,44.888888888888886,21.3,0.0
"Alonso, Pete",False,0.392,0.331,0.292,0.639,17.0,93.9,52.85714285714286,20.9,0.0
"Riley, Austin",True,0.341,0.312,0.325,0.522,18.1,92.7,52.30769230769232,24.2,0.0
"Caminero, Junior",False,0.338,0.347,0.259,0.514,11.5,92.1,49.122807017543856,16.9,0.0
"Merrill, Jackson",True,0.353,0.3,0.313,0.533,14.8,90.5,44.55445544554456,19.8,0.0
"Castro, Willi",False,0.302,0.313,0.317,0.43,14.1,88.2,42.71356783919598,22.3,0.0
"Meidroth, Chase",True,0.288,0.271,0.287,0.383,10.2,89.0,38.55421686746988,7.7,0.0
"India, Jonathan",False,0.326,0.284,0.292,0.461,18.7,89.2,39.24914675767919,10.7,0.0
"Trout, Mike",True,0.387,0.333,0.282,0.614,19.6,91.9,50.55555555555556,24.1,0.0
"Perez, Salvador",False,0.376,0.325,0.283,0.585,18.9,90.8,47.0,15.7,0.0
"Tatis Jr., Fernando",True,0.35,0.31,0.293,0.527,8.9,93.0,51.77304964539007,17.6,0.0
"Rengifo, Luis",False,0.311,0.276,0.3,0.427,6.8,87.8,34.090909090909086,13.7,0.0
"Abreu, Wilyer",False,0.361,0.338,0.269,0.573,24.3,91.9,48.38709677419355,20.2,0.0
"Soderstrom, Tyler",False,0.35,0.324,0.275,0.537,10.0,91.5,50.38167938931297,17.4,0.0
"Adell, Jo",False,0.413,0.345,0.254,0.658,15.6,92.0,50.427350427350426,16.1,0.0
"Diaz, Yainer",True,0.353,0.305,0.268,0.526,12.7,91.3,44.522968197879855,11.8,0.0
"Hernández, Teoscar",False,0.336,0.32,0.298,0.501,10.4,89.9,44.78260869565218,22.0,0.0
"Devers, Rafael",False,0.34,0.32,0.305,0.522,12.5,93.4,55.172413793103445,24.6,0.0
"McCutchen, Andrew",False,0.337,0.296,0.294,0.5,15.0,90.0,44.49339207048458,18.0,0.0
"Hayes, Ke'Bryan",False,0.29,0.262,0.309,0.399,9.9,90.8,47.45098039215686,14.3,0.0
"Williamson, Ben",False,0.27,0.26,0.318,0.357,4.4,88.8,39.89637305699482,16.5,0.0
"Gurriel Jr., Lourdes",False,0.303,0.296,0.263,0.44,17.0,89.3,41.157556270096464,9.8,0.0
"Sánchez, Jesús",False,0.349,0.303,0.286,0.539,9.8,92.2,46.36363636363636,16.3,0.0
"Chisholm Jr., Jazz",False,0.373,0.346,0.271,0.621,17.8,90.7,48.554913294797686,23.5,0.0
"Adames, Willy",False,0.323,0.303,0.296,0.499,21.6,89.6,44.86692015209125,20.7,0.0
"Frazier, Adam",False,0.264,0.265,0.282,0.353,15.5,85.2,19.3717277486911,10.3,0.0
"Suárez, Eugenio",False,0.334,0.376,0.243,0.555,23.5,91.6,52.52918287937744,23.5,0.0
"Thomas, Alek",False,0.287,0.286,0.309,0.407,3.4,90.6,40.54054054054054,20.1,0.0
"Steer, Spencer",True,0.27,0.294,0.303,0.377,18.3,87.3,30.8,19.8,0.0
"Bogaerts, Xander",True,0.321,0.284,0.276,0.448,11.9,89.9,40.647482014388494,10.6,0.0
"Urías, Ramón",False,0.295,0.284,0.267,0.432,12.3,89.0,40.22346368715084,15.5,0.0
"Schanuel, Nolan",False,0.303,0.286,0.272,0.429,15.1,88.2,30.633802816901408,9.8,0.0
"McNeil, Jeff",False,0.307,0.311,0.247,0.438,17.0,88.2,34.40860215053764,6.5,0.0
"O'Hoppe, Logan",False,0.341,0.326,0.291,0.535,18.8,92.2,52.63157894736842,26.4,0.0
"Butler, Lawrence",False,0.3,0.315,0.305,0.447,8.2,91.7,45.73643410852713,23.2,0.0
"Langeliers, Shea",False,0.311,0.338,0.241,0.469,14.0,90.5,44.60093896713615,14.5,0.0
"Ozuna, Marcell",False,0.366,0.31,0.261,0.571,14.6,91.8,49.77777777777778,15.7,0.0
"Hoskins, Rhys",True,0.285,0.296,0.306,0.421,23.3,91.5,48.5207100591716,25.2,0.0
"Larnach, Trevor",False,0.306,0.294,0.282,0.45,11.5,90.8,43.49593495934959,17.7,0.0
"Lowe, Josh",False,0.334,0.296,0.295,0.467,9.8,90.5,45.80645161290322,20.0,0.0
"Wagaman, Eric",True,0.32,0.274,0.281,0.463,11.1,90.2,43.67816091954023,12.4,0.0
"Reynolds, Bryan",False,0.35,0.284,0.305,0.524,8.1,91.7,47.368421052631575,20.3,0.0
"Lowe, Nathaniel",True,0.315,0.303,0.284,0.455,10.7,90.3,42.00743494423792,19.8,0.0
"Ramírez, Agustín",False,0.365,0.314,0.26,0.559,9.1,91.9,49.596774193548384,13.3,0.0
"Story, Trevor",True,0.288,0.296,0.313,0.422,15.0,91.3,47.96747967479675,26.8,0.0
"Ward, Taylor",True,0.319,0.336,0.263,0.505,18.9,89.4,38.61788617886179,22.4,0.0
"Chapman, Matt",False,0.346,0.324,0.273,0.534,19.3,93.5,51.51515151515152,21.1,0.0
"Cruz, Oneil",False,0.37,0.313,0.279,0.571,10.7,97.0,59.60591133004927,23.2,0.0
"Rafaela, Ceddanne",True,0.313,0.297,0.28,0.477,11.1,91.3,46.32352941176471,16.6,0.0
"Robert Jr., Luis",False,0.339,0.294,0.283,0.515,19.6,90.0,43.29896907216495,20.4,0.0
"Lopez, Otto",False,0.337,0.284,0.269,0.501,10.0,89.5,39.688715953307394,13.1,0.0
"Lee, Brooks",True,0.287,0.277,0.267,0.412,13.3,88.7,39.11111111111112,12.8,0.0
"Cronenworth, Jake",False,0.271,0.283,0.283,0.391,16.4,89.5,39.361702127659576,19.3,0.0
"Martínez, Angel",True,0.265,0.289,0.285,0.37,19.1,88.3,31.98198198198198,17.8,0.0
"Jones, Nolan",False,0.324,0.266,0.313,0.48,14.5,92.3,51.53374233128834,22.0,0.0
"Friedl, TJ",False,0.261,0.279,0.272,0.358,14.5,87.4,33.21678321678322,14.4,0.0
"Soler, Jorge",False,0.307,0.302,0.279,0.475,14.2,90.0,42.934782608695656,22.4,0.0
"Torkelson, Spencer",False,0.334,0.318,0.264,0.541,23.2,91.2,45.2755905511811,20.9,0.0
"Betts, Mookie",False,0.292,0.28,0.25,0.426,20.3,88.8,32.89902280130293,8.6,0.0
"Rutschman, Adley",True,0.328,0.281,0.259,0.482,16.3,90.1,38.7434554973822,10.3,0.0
"Walker, Christian",False,0.292,0.283,0.294,0.439,16.9,90.8,44.61538461538462,22.6,0.0
"Arias, Gabriel",True,0.3,0.288,0.325,0.455,5.2,89.9,42.94117647058823,28.3,0.0
"Norby, Connor",False,0.298,0.267,0.306,0.449,15.6,87.8,35.18518518518518,22.9,0.0
"Lee, Jung Hoo",False,0.306,0.278,0.258,0.421,13.0,88.0,29.900332225913623,8.0,0.0
"Semien, Marcus",True,0.298,0.275,0.268,0.434,19.7,88.9,34.98233215547703,16.7,0.0
"Allen, Nick",True,0.237,0.235,0.304,0.299,13.5,84.5,19.473684210526315,17.3,0.0
"McMahon, Ryan",False,0.342,0.304,0.308,0.54,15.7,94.0,52.55813953488372,29.2,0.0
"Vargas, Miguel",False,0.306,0.297,0.251,0.454,25.1,90.0,40.893470790378,10.5,0.0
"Bell, Josh",False,0.33,0.291,0.25,0.497,9.5,90.5,46.88796680497925,13.1,0.0
"Vientos, Mark",False,0.281,0.274,0.296,0.408,13.3,90.8,48.0,22.2,0.0
"Muncy, Max",False,0.332,0.293,0.278,0.536,20.7,91.4,52.79503105590062,24.1,0.0
"Muncy, Max",False,0.288,0.283,0.256,0.429,10.6,87.1,32.53968253968254,25.0,0.0
"Murphy, Sean",False,0.305,0.322,0.276,0.473,12.6,89.9,45.71428571428572,28.4,0.0
"Arenado, Nolan",True,0.285,0.275,0.239,0.401,19.8,87.5,34.437086092715234,5.6,0.0
"Nootbaar, Lars",False,0.294,0.285,0.265,0.44,18.8,92.4,53.6036036036036,17.8,0.0
"Baty, Brett",False,0.345,0.3,0.255,0.524,8.9,91.3,49.41860465116279,18.9,0.0
"Sweeney, Trey",False,0.265,0.262,0.265,0.377,11.6,88.5,36.36363636363637,15.2,0.0
"Edman, Tommy",False,0.342,0.289,0.23,0.485,12.2,87.9,37.83783783783784,8.6,0.0
"Rice, Ben",False,0.389,0.308,0.239,0.6,14.9,93.1,52.85714285714286,13.9,0.0
"Lindor, Francisco",False,0.297,0.287,0.256,0.449,15.1,89.6,42.36111111111111,18.4,0.0
"Burger, Jake",False,0.347,0.293,0.25,0.541,15.5,91.2,50.81967213114754,17.6,0.0
"Wells, Austin",False,0.303,0.296,0.237,0.474,22.3,91.7,50.24630541871922,17.5,0.0
"Stott, Bryson",False,0.289,0.256,0.258,0.416,15.8,87.8,29.84496124031008,11.9,0.0
"García, Adolis",False,0.328,0.282,0.26,0.51,18.4,92.8,49.07063197026022,21.1,0.0
"Santana, Carlos",True,0.278,0.265,0.247,0.404,17.9,88.4,39.07563025210085,15.0,0.0
"Manzardo, Kyle",False,0.305,0.308,0.243,0.493,25.1,90.9,44.04145077720207,22.8,0.0
"Doyle, Brenton",False,0.303,0.253,0.274,0.444,12.0,90.0,44.907407407407405,18.1,0.0
"Bailey, Patrick",True,0.272,0.246,0.297,0.406,15.5,89.0,39.1566265060241,23.4,0.0
"Yastrzemski, Mike",False,0.272,0.265,0.269,0.4,18.0,90.3,41.86046511627907,20.3,0.0
"Mullins, Cedric",False,0.276,0.301,0.234,0.412,25.0,90.1,39.61352657004831,19.5,0.0
"Happ, Ian",False,0.326,0.279,0.245,0.49,17.0,90.0,43.56060606060606,18.8,0.0
"Toglia, Michael",True,0.292,0.281,0.295,0.441,18.2,89.8,44.785276073619634,30.5,0.0
"Espinal, Santiago",False,0.239,0.228,0.259,0.311,15.9,86.7,26.88679245283019,9.0,0.0
"Albies, Ozzie",False,0.252,0.246,0.253,0.353,19.9,87.6,29.29292929292929,14.4,0.0
"Ortiz, Joey",False,0.282,0.251,0.238,0.381,15.0,86.2,35.91836734693877,9.9,0.0
"Harris II, Michael",False,0.31,0.261,0.259,0.445,6.9,90.0,42.40282685512368,18.0,0.0
"Benintendi, Andrew",False,0.324,0.278,0.22,0.5,23.7,89.6,39.523809523809526,14.2,0.0
"Flores, Wilmer",False,0.237,0.247,0.245,0.324,20.6,84.8,21.428571428571427,16.4,0.0
"Heim, Jonah",False,0.268,0.249,0.253,0.386,15.1,89.3,36.81592039800995,19.0,0.0
"Conforto, Michael",False,0.344,0.267,0.234,0.52,15.3,90.7,44.0,15.9,0.0
"Kepler, Max",False,0.318,0.266,0.226,0.48,16.5,91.8,47.57709251101321,14.6,0.0
"McLain, Matt",False,0.274,0.255,0.254,0.405,17.5,88.3,39.81481481481482,21.8,0.0
"Taylor, Tyrone",False,0.296,0.232,0.254,0.411,20.9,87.5,35.51912568306011,16.1,0.0
"Scott II, Victor",False,0.249,0.24,0.267,0.348,14.4,86.3,27.717391304347828,23.2,0.0
"Walls, Taylor",True,0.242,0.234,0.25,0.342,16.5,87.5,28.33333333333333,18.9,0.0
"Volpe, Anthony",False,0.303,0.275,0.229,0.463,12.6,90.7,47.89272030651341,21.9,0.0
"Pagés, Pedro",True,0.246,0.239,0.25,0.352,14.7,88.9,39.53488372093023,21.3,0.0
"Naylor, Bo",True,0.276,0.256,0.2,0.434,24.5,90.2,38.70967741935484,21.7,0.0
