name,scissor_kick_combined,bat_speed,swing_length,attack_angle,attack_direction,swing_path_tilt
"Judge, Aaron",False,76.9,8.1,14.621116725336536,-6.1634178322710245,38.53215304717139
"Smith, Will",False,69.7,7.2,11.65364983135046,1.1251460444884056,33.618654913285944
"Peña, Jeremy",False,72.4,7.5,10.266313149499426,-7.684952514603623,29.770810090483423
"Aranda, Jonathan",False,70.5,7.3,10.215498559044171,3.7261759261763454,35.631715647341615
"Meyers, Jake",True,68.6,7.0,6.526793914276109,-2.237910918771875,32.48114243366499
"Stowers, Kyle",False,75.1,6.8,11.604279767615456,0.2076584403374877,33.8989585753201
"Garcia, Maikel",False,72.0,7.3,4.677690921432916,1.28213384191275,26.72188476816337
"De La Cruz, Elly",True,74.5,7.2,8.345718346881796,0.544793608380608,34.035738634945496
"Freeman, Freddie",False,69.4,6.9,10.617372288162054,1.7405917413484433,42.91369751800627
"Machado, Manny",False,74.7,7.8,7.425515473216842,-0.5959670608946223,26.835931435889123
"Lux, Gavin",False,69.5,7.4,11.274069748734448,2.869366120444742,33.49674212505548
"Guerrero Jr., Vladimir",False,76.5,7.6,1.601459485460502,-3.2781362518165515,26.644632179581496
"Buxton, Byron",False,75.1,7.9,13.50458363110062,-5.837923524099354,33.75970448245007
"Henderson, Gunnar",False,75.4,7.3,8.605988633259791,1.4331575363442537,29.2644841958082
"Pages, Andy",True,72.7,7.9,7.725727405752339,-3.719932539705344,40.83299423586605
"Springer, George",True,73.4,7.5,12.827991417181808,0.3228158285254067,35.0215831567743
"O'Hearn, Ryan",False,72.0,7.2,11.982899410865205,-0.8208354770169388,33.114607194930336
"Turner, Trea",False,70.9,7.6,8.278604296163708,-3.131826797594336,27.95613400307032
"Burleson, Alec",False,72.5,7.5,10.43290287568674,-0.3831778268315536,30.86615720653308
"Frelick, Sal",False,68.5,7.1,8.322427832996356,-2.149651788122492,27.858608178116363
"Wood, James",False,75.9,7.6,10.55656850935491,1.1354078246385388,40.33174255158948
"Ohtani, Shohei",False,76.0,8.0,15.548511260878389,-2.5359754374891263,36.96520763903224
"Kirk, Alejandro",False,72.4,7.2,7.986305736994242,2.430190066707429,23.91400450115417
"Beck, Jordan",False,73.6,7.7,9.781110763171384,-3.19003331019478,32.01209712492462
"Laureano, Ramón",False,72.3,7.1,16.9101399864602,0.0084181632108653,35.99806857839033
"Ramírez, José",False,71.1,7.2,9.288074265355608,-9.464780283534278,29.838062439093363
"Wilson, Jacob",False,63.7,6.1,2.525842176112608,-0.7918088464398337,35.21489249673349
"Smith, Pavin",False,72.2,7.4,13.494983304245473,0.7747245277869899,32.975468293006266
"Goldschmidt, Paul",False,72.8,7.6,10.01517137259403,1.890250111773987,31.79931324767088
"Seager, Corey",False,72.7,6.7,13.424931724506528,2.7760410812959093,34.12504260190713
"Perdomo, Geraldo",False,68.1,6.9,7.134140681485019,-1.85226997065043,35.12758332981241
"Bohm, Alec",False,71.6,7.3,5.302578527016255,4.813180731645142,29.848175000273223
"Jeffers, Ryan",True,72.2,7.2,9.827832559114478,-2.6810556976931594,28.851058994066776
"Crow-Armstrong, Pete",False,72.6,7.2,15.055028958810468,-3.4182005007471803,34.7171972671452
"Bellinger, Cody",False,70.3,7.7,12.907916465840197,-3.260477022730534,32.21952521790425
"Chourio, Jackson",True,74.0,7.5,6.952351521075056,1.11043700946463,26.12697213610939
"Lowe, Brandon",False,73.3,7.2,14.737996051130256,-1.7982784086418095,33.67068097286288
"Neto, Zach",False,71.4,7.0,16.40402531976776,-5.58770197908139,37.93794928137422
"Barger, Addison",False,75.7,7.7,10.087125343810946,-6.470800274051203,28.47121825028208
"Greene, Riley",True,75.2,7.2,13.497803369148889,2.6069052095139087,44.84658430759177
"Rooker, Brent",False,73.7,7.1,12.571066677760026,-6.581347406930408,35.83685555072244
"Carpenter, Kerry",False,71.9,7.4,15.74873483297679,0.3863196503772634,33.827549237683414
"Busch, Michael",False,69.7,7.1,17.019449211317788,-1.25995132371976,36.72137872218936
"Donovan, Brendan",False,69.1,6.8,8.115693920132793,1.6805977324677286,30.342682846644
"Moniak, Mickey",False,74.0,7.7,11.314870528407578,-3.3581694034719063,33.36090354227004
"Tucker, Kyle",False,72.1,7.5,11.571672985989848,-8.112717531091752,33.6902073374921
"García Jr., Luis",False,72.4,7.4,10.716302542927217,-2.5637457802076487,28.88568691809939
"Naylor, Josh",False,71.1,7.5,7.16711152611584,-8.399377386419928,31.003301186605785
"Domínguez, Jasson",False,73.8,7.8,6.141998004232026,-2.990955764680418,31.350260867853784
"Holliday, Jackson",False,70.6,6.9,8.278218339569115,7.368147933594869,32.14036736457591
"Witt Jr., Bobby",False,74.5,7.0,5.2350954107741,-0.6952035894830754,28.683116844254133
"Sosa, Lenyn",True,72.3,7.4,10.719156860313054,1.3205637122321343,32.698520555534145
"Suzuki, Seiya",True,73.4,7.2,8.2791832476209,-2.911692598434757,30.85621851037795
"Goodman, Hunter",True,74.2,7.2,13.58660074394406,-6.856264503163809,25.832788479489228
"Edwards, Xavier",False,66.7,6.4,2.515043133449037,2.149526429631769,31.13247004435794
"Hoerner, Nico",True,68.4,7.2,5.670040789354455,-2.10394837750752,33.43130580870754
"Clement, Ernie",True,67.3,7.0,11.387551671494087,-2.568926690484016,32.05946736700344
"Jung, Josh",True,70.4,7.0,11.705684360841271,2.4725660539062435,37.81434946469832
"Díaz, Yandy",False,73.7,7.7,3.396456680255857,6.084142058769452,24.22691866367509
"Castellanos, Nick",False,70.4,7.6,14.812950434315605,-3.94264789185429,39.47309457256583
"Altuve, Jose",True,69.4,7.5,14.96709889810017,-4.953932907933893,28.65929842338411
"Dingler, Dillon",True,72.0,7.7,11.381202474032362,-1.039498896117358,39.19570208639296
"Smith, Josh",False,69.2,6.7,8.123490602540551,-2.051412181292479,36.176844800672505
"Correa, Carlos",False,74.0,7.3,8.351203916303742,-2.704333305173313,31.83508412671233
"Báez, Javier",False,73.4,8.3,10.350339457668175,-6.252638964403265,30.211795409156657
"Olson, Matt",True,73.7,7.4,8.461954381486807,1.3728774754487982,33.92382259990251
"Kiner-Falefa, Isiah",True,66.4,6.9,4.901766075213105,3.255209588800508,32.77148707350771
"Smith, Cam",True,74.3,7.3,6.388975307162322,-0.4534477274186304,37.78275078937671
"Narváez, Carlos",True,72.2,7.6,9.419834193380773,1.6923249734723838,29.416836894490963
"Bader, Harrison",True,73.3,7.2,11.54616728739094,-5.7983227112364855,25.157880903235046
"Marte, Ketel",False,74.8,7.9,10.83117008447465,-8.152977194115078,32.24772393394099
"Crawford, J.P.",True,70.9,7.0,4.043393448890377,1.7265746842407357,36.24174545255042
"Soto, Juan",False,73.3,7.0,11.037818758049522,4.371830041505253,28.01316554700444
"Turang, Brice",True,70.1,6.8,6.328589770759252,8.672538270863614,30.49264660684885
"Ramos, Heliot",True,73.8,6.8,6.159137510061955,2.14519849344341,31.828897678488524
"McKinstry, Zach",False,67.7,6.8,9.594849089096472,2.170166946437745,37.45743965685706
"Bichette, Bo",False,69.0,7.3,5.0799018204100905,0.7530127142394575,37.53669756566639
"Schwarber, Kyle",False,77.2,7.6,14.418631518471074,-5.9541115294465,30.303585062253408
"Arraez, Luis",False,62.6,5.9,5.762488880230021,4.554260979361621,37.38687577327394
"Pasquantino, Vinnie",False,72.8,7.4,9.769476365640347,-9.301912372122338,29.443348594765723
"Torres, Gleyber",False,70.3,7.2,9.33574066539215,3.660858986378608,33.99808262963809
"Raleigh, Cal",False,75.2,7.9,17.8235936153349,-8.441340574535541,33.95786892621897
"Nimmo, Brandon",False,71.7,7.2,6.709147139720266,1.7462254350120952,29.1325530567542
"Contreras, Willson",False,76.4,8.0,9.4214220388963,-1.645625088362129,32.928009687417074
"Mangum, Jake",True,67.2,6.5,2.211451245254438,11.771191624799611,29.25197561364063
"Harper, Bryce",False,74.5,7.4,12.123510148633745,-3.263063946245814,35.1821641977484
"Kwan, Steven",False,63.6,6.4,3.5990399129704884,-3.260038505838202,35.73451682630108
"Langford, Wyatt",False,73.2,7.0,16.666236316232574,-1.8361245918540448,34.37184386667053
"France, Ty",False,70.7,7.4,10.34065996181588,5.949843227221752,34.57709882266104
"Polanco, Jorge",False,71.6,7.3,9.246218479935752,-10.645187115763958,30.25732379287963
"Sheets, Gavin",False,74.6,7.8,8.86607736982314,-7.685588638359441,27.654312721202874
"Carroll, Corbin",False,74.7,7.3,10.684911260212196,-3.104756492005869,25.22624557946501
"Grisham, Trent",False,70.9,7.6,16.401666847384195,2.01914947641214,30.002104310535675
"Contreras, William",False,72.9,7.1,10.246148661649675,4.778963831276056,29.14212433355113
"Paredes, Isaac",True,69.0,8.0,15.456276680174971,-15.019652922908488,32.48303462414706
"Rodríguez, Julio",False,76.0,7.7,7.141711480943276,-1.4071148502299036,31.75379964989971
"Keith, Colt",False,70.8,6.8,10.96842644706008,-0.7567967606775705,33.33704924550118
"Duran, Jarren",True,74.5,7.5,5.728420066696256,1.6541291691569668,26.73290685867544
"Winn, Masyn",True,71.2,7.5,5.679722504231612,-4.344996070220314,29.37386115838233
"Swanson, Dansby",False,70.8,7.4,15.395924510506664,-1.400374373181508,34.43541812093086
"Abrams, CJ",False,72.3,7.5,9.92404617777934,-3.18118918113826,26.83516593705236
"Arozarena, Randy",True,72.3,7.5,9.343467276605583,-1.0138809571125649,25.26812547908143
"Yelich, Christian",False,73.3,7.5,9.495262542681406,6.685877847729316,36.15969666406794
"Realmuto, J.T.",False,72.6,7.6,12.79285840623498,1.7201672701782458,34.04121764423226
"Alonso, Pete",False,75.8,7.1,10.199303063223004,0.3852244026430472,33.51752816121934
"Riley, Austin",True,75.9,7.6,10.915535326191693,-4.663404692701592,32.21944556646536
"Caminero, Junior",False,78.3,8.4,7.5981958264260125,-4.6963945283889394,26.44658586496655
"Merrill, Jackson",True,72.0,7.4,8.85448854062201,2.1101720340356698,37.05672364655355
"Castro, Willi",False,71.5,7.2,8.037228889787682,-4.547916608383024,37.26007851290733
"Meidroth, Chase",True,67.9,6.7,6.43177525176346,2.0611083895224787,28.79129078291444
"India, Jonathan",False,72.0,7.3,8.730910127174964,-3.899023524289616,27.99131345247636
"Trout, Mike",True,74.1,7.4,7.509951887311704,-0.1683358687172864,36.35925052014368
"Perez, Salvador",False,73.2,7.9,12.717490971936074,-5.61339626364597,34.11443628536582
"Tatis Jr., Fernando",True,73.8,7.3,8.296382383423387,1.231210342516622,30.571884183860952
"Rengifo, Luis",False,70.0,7.1,7.640444676578973,3.464378842586734,33.64265182205335
"Abreu, Wilyer",False,74.2,7.1,9.36637999315614,-1.3426144033995957,31.185718511876573
"Soderstrom, Tyler",False,74.1,7.5,10.083854275747704,0.8371094465790238,30.992912358698483
"Adell, Jo",False,77.6,7.7,7.368712060806389,-5.284967330080391,33.33863479845503
"Diaz, Yainer",True,71.8,7.3,10.7243180119232,0.2743348195124919,27.94947758782208
"Hernández, Teoscar",False,72.8,7.8,10.543537049461468,-0.3580215541404824,31.783500715739315
"Devers, Rafael",False,71.6,7.6,9.466546490318562,5.066294395021439,29.49084339555909
"McCutchen, Andrew",False,71.1,7.7,14.804563777294671,-1.21631181772629,34.369988589494305
"Hayes, Ke'Bryan",False,71.3,6.8,4.835373257259781,1.2059158403246537,26.75330549396195
"Williamson, Ben",False,69.7,6.9,2.528786988606453,5.79541455065746,32.928886881357364
"Gurriel Jr., Lourdes",False,70.8,7.5,10.728002600320156,-6.581776091713181,36.51037875911614
"Sánchez, Jesús",False,75.7,6.9,7.035270361417674,-1.758985224124257,27.31348129508305
"Chisholm Jr., Jazz",False,73.5,7.8,15.77897063509464,-5.359972899184768,33.617124841048074
"Adames, Willy",False,71.9,8.2,18.476695926068395,-3.715944892475703,35.089073799112654
"Frazier, Adam",False,65.7,6.9,9.822410603600073,3.441264728317078,38.77677609048807
"Suárez, Eugenio",False,72.5,7.8,18.77865820810796,-5.546518638968416,38.51968143818582
"Thomas, Alek",False,71.7,7.0,9.802069841225066,1.247153336930022,27.29456051869793
"Steer, Spencer",True,70.9,7.4,12.832672188446155,-3.962857934493153,28.6639808310122
"Bogaerts, Xander",True,72.3,7.3,9.67305741589471,-6.330550403069584,30.85486328113696
"Urías, Ramón",False,70.4,7.6,13.46524907987007,2.2258445079446134,27.288570662776586
"Schanuel, Nolan",False,67.9,6.7,8.69504436310328,-1.1477987455935292,38.37165742986176
"McNeil, Jeff",False,71.0,7.4,8.794543275836716,-4.904605485254698,33.109409471553725
"O'Hoppe, Logan",False,72.0,7.6,16.427874083802212,-3.438841367813423,33.38677449135431
"Butler, Lawrence",False,73.7,7.0,6.632908410139873,1.7100097491501638,30.358633864993067
"Langeliers, Shea",False,72.9,7.1,10.659967354199802,-1.0990117869941385,30.34192384757896
"Ozuna, Marcell",False,73.5,7.2,13.728774014991606,-0.8463987339067969,36.71865279781107
"Hoskins, Rhys",True,71.1,8.2,16.83331132030194,-7.088635922806624,33.72690311874848
"Larnach, Trevor",False,72.2,7.3,8.461645800212612,-10.606971742717468,34.79467203492128
"Lowe, Josh",False,72.1,7.3,6.1792486564254006,-0.6441733435015957,35.32725218110768
"Wagaman, Eric",True,72.7,7.1,6.455238212212269,-2.3596359371536924,27.913401289013432
"Reynolds, Bryan",False,72.4,6.9,13.23484030962896,1.2673768788905648,38.00478863288246
"Lowe, Nathaniel",True,72.7,7.2,6.457621711744219,7.931423180081202,29.902032359179795
"Ramírez, Agustín",False,74.9,7.5,7.333967885471523,-2.855338544021336,24.993705086185194
"Story, Trevor",True,70.9,7.3,10.736393856572231,-4.774633017790015,29.73637989520164
"Ward, Taylor",True,69.6,7.1,9.951774515093131,-3.435627710186743,32.02556873300851
"Chapman, Matt",False,74.8,7.5,5.261454833672738,-3.121673993003522,25.02999757732162
"Cruz, Oneil",False,78.6,7.8,9.552867717338891,-7.741296056412303,33.48211965798128
"Rafaela, Ceddanne",True,71.1,7.5,11.773876068495332,-0.7545816525633223,33.118978767295744
"Robert Jr., Luis",False,75.8,7.8,12.341105412198877,-5.619216976165683,36.56178572580738
"Lopez, Otto",False,71.8,6.8,8.004289160403719,-2.6589760066920647,30.157408646220325
"Lee, Brooks",True,69.7,7.2,10.353218215899728,-4.890769752797518,30.76972392849173
"Cronenworth, Jake",False,71.0,7.1,7.743779337999716,-2.06762154362137,30.9907861964734
"Martínez, Angel",True,70.1,7.4,12.279047994902246,-6.523518895594264,33.61890078052972
"Jones, Nolan",False,72.5,6.8,8.644071059352251,0.191950887811665,35.62135921577889
"Friedl, TJ",False,69.4,6.7,9.283398018736632,-7.018806659853013,28.28040149236985
"Soler, Jorge",False,74.0,7.7,8.424507456858189,-7.754127670308958,33.55880316512934
"Torkelson, Spencer",False,73.1,7.7,13.173123120955893,-7.859757670520093,38.45402404404567
"Betts, Mookie",False,68.8,7.1,9.842222583122403,-6.154890918493495,34.42417383035357
"Rutschman, Adley",True,70.3,6.9,9.324303879419118,-1.3465589461439391,34.64937590474378
"Walker, Christian",False,74.0,7.4,8.438221012730917,-3.57906147822201,29.011831723734847
"Arias, Gabriel",True,75.4,7.6,9.808293802436232,0.5474607297350298,29.203907874206774
"Norby, Connor",False,69.4,6.9,19.422075705957248,4.661539808481167,41.27765943286695
"Lee, Jung Hoo",False,68.7,7.6,6.412837422952022,-5.800140220375367,39.414783341772335
"Semien, Marcus",True,68.6,7.7,15.896867271227176,-4.304551896320302,34.612232040352865
"Allen, Nick",True,64.4,6.3,7.081886859676128,-0.4745038988672622,30.161884166686733
"McMahon, Ryan",False,74.0,7.5,13.426057039938929,0.1136517320567504,38.49015546671141
"Vargas, Miguel",False,70.6,7.6,12.44575388099275,-3.872474226123836,35.44001378554593
"Bell, Josh",False,72.7,8.0,10.263642971010864,-3.270865071106292,33.83167022494357
"Vientos, Mark",False,70.8,7.5,14.266974384806584,2.357964363378065,32.15055165014057
"Muncy, Max",False,71.3,7.0,17.85605835462733,-5.00593099982264,34.56146459488932
"Muncy, Max",False,73.1,7.3,9.258005910623528,-5.766894071422168,31.1256767919636
"Murphy, Sean",False,72.4,7.8,11.86805820420529,-3.5564231654823075,30.52296775488952
"Arenado, Nolan",True,71.7,8.5,10.610504230781537,-8.922761074585022,33.15188914833801
"Nootbaar, Lars",False,74.1,6.9,10.175782701125032,-4.494178049237439,28.30413954271057
"Baty, Brett",False,75.0,7.4,8.26953339346101,3.6217573632432334,35.18814619019583
"Sweeney, Trey",False,73.7,7.5,7.704822163325265,-3.1465594046467293,25.54036944358119
"Edman, Tommy",False,69.7,6.8,9.606786709210226,-0.3792310986866101,26.48924974032827
"Rice, Ben",False,73.9,7.4,10.922982645718246,-5.803655027658275,33.42713971709504
"Lindor, Francisco",False,70.7,7.5,10.94607676678022,-1.1879073061990382,33.91273586952284
"Burger, Jake",False,74.8,7.4,7.776657499687197,-3.864653041282688,24.99302061490945
"Wells, Austin",False,73.6,7.6,10.868076567115406,-5.602243224106863,32.44188497046451
"Stott, Bryson",False,69.1,7.2,7.158422930282755,3.193760946104222,33.23460872724961
"García, Adolis",False,72.4,7.6,9.051929393609624,-0.5157389598977571,28.316492021040894
"Santana, Carlos",True,71.3,7.6,12.594334264137522,-4.997817985974455,26.62499500377428
"Manzardo, Kyle",False,70.9,7.4,17.572776147698708,-0.8989518026247502,36.44372385305829
"Doyle, Brenton",False,70.7,7.3,11.934237832544742,0.1256931782079252,30.555949974616524
"Bailey, Patrick",True,71.9,7.4,9.487932081086784,-3.922913570329616,33.12190688025188
"Yastrzemski, Mike",False,70.9,7.5,11.005935043173842,-2.7094150264183896,29.9840210949042
"Mullins, Cedric",False,71.1,7.6,11.774169253421462,-6.399509882342334,29.201889522251506
"Happ, Ian",False,72.0,7.0,10.477666339280583,-6.748488154748957,32.360922039108395
"Toglia, Michael",True,72.7,7.6,14.85514631144251,-2.46350886252772,35.914476995625215
"Espinal, Santiago",False,68.4,7.4,6.303213812216222,-1.3827172337837643,34.50724731673661
"Albies, Ozzie",False,68.6,7.2,12.525450729687128,-5.418748755217154,34.77066995709884
"Ortiz, Joey",False,72.8,7.6,2.3242680577280126,-2.5327082036787023,27.667685736282188
"Harris II, Michael",False,73.8,7.9,6.514606662019929,0.6139634878096173,30.694125172642806
"Benintendi, Andrew",False,69.1,7.1,16.527117849005123,-6.308620304202924,32.24309067400751
"Flores, Wilmer",False,65.7,6.9,11.000210381336402,-6.100759005670168,32.12932067868765
"Heim, Jonah",False,68.9,7.5,11.07913818023434,1.028128485276243,28.83248842393719
"Conforto, Michael",False,73.5,7.3,10.63340078183854,0.1988363089928562,32.38244079474716
"Kepler, Max",False,71.4,7.3,7.304342810497165,-6.283580463551792,31.46317051868499
"McLain, Matt",False,69.7,6.9,11.606051430975958,-0.5882639300573417,31.786615471220845
"Taylor, Tyrone",False,70.3,7.5,7.916703729476715,-8.273832022525713,32.11716279442262
"Scott II, Victor",False,69.2,6.4,10.621261373968611,-1.884890155993214,32.29580952268947
"Walls, Taylor",True,68.6,7.0,10.047676392038662,4.275289476418545,34.13673271677062
"Volpe, Anthony",False,72.4,7.2,10.403067087675936,5.674457667457325,31.210652376415823
"Pagés, Pedro",True,72.6,7.1,6.760019582465749,-1.8978356130881653,30.628592713728235
"Naylor, Bo",True,72.4,7.7,13.985823261641976,-8.367481410196543,31.74244982263601
